,zip,name,school-summary,type,level-codes,level,street,city,state,phone,county,lat,lon,district-name,district-id,rating,lat_lon,new rating
1,30303,Graduation Achievement Center Charter High School,"Graduation Achievement Center Charter High School, a charter school located in Atlanta, GA, serves grades 9-12 in the State Charter Schools Provost Academy Georgia.",charter,h,"9,10,11,12",235 Peachtree St NW,Atlanta,GA,(844) 776-8678,Fulton,33.760502,-84.387169,State Charter Schools Provost Academy Georgia,250.0,,"(33.760502, -84.387169)",n/a
2,30303,Wellspring Living,"Wellspring Living, a public school located in Atlanta, GA, serves grades 8-9, 11 in the Fulton County School District.",public,"m,h","8,9,11",100 Edgewood Avenue Southeast,Atlanta,GA,(678) 246-9998,Fulton County,33.754742,-84.385574,Fulton County School District,73.0,,"(33.754742, -84.385574)",n/a
3,30303,The Life School of Atlanta,"The Life School of Atlanta, a private school located in Atlanta, GA, serves grades 9-12 in the .",private,h,"9,10,11,12",190 Pryor Street Southwest,Atlanta,GA,(404) 343-0064,Fulton County,33.749504,-84.39209,,0.0,,"(33.749504, -84.39209)",B-
5,30334,K12 International Academy ,"K12 International Academy , a private school located in Atlanta, GA, serves grades K-12 in the .",private,"e,m,h","KG,1,2,3,4,5,6,7,8,9,10,11,12",205 Jesse Hill Jr. Drive SE ,Atlanta,GA,(877) 512-7748,Fulton,33.749733,-84.385696,,0.0,,"(33.749733, -84.385696)",C+
6,30334,The Keystone School ,"The Keystone School , a private school located in Atlanta, GA, serves grades 6-12 in the .",private,"m,h","6,7,8,9,10,11,12",205 Jesse Hill Jr. Drive SE,Atlanta,GA,(800) 255-4937,Fulton,33.749733,-84.385696,,0.0,,"(33.749733, -84.385696)",A+
13,30312,The New School,"The New School, a private school located in Atlanta, GA, serves grades 9-12 in the .",private,h,"9,10,11,12",655 Memorial Drive Southeast,Atlanta,GA,(404) 500-9753,Fulton County,33.746407,-84.366058,,0.0,,"(33.746407, -84.366058)",n/a
14,30312,The New School Atlanta,"The New School Atlanta, a private school located in Atlanta, GA, serves grades 9-12 in the .",private,h,"9,10,11,12",655 Memorial Drive Southeast,Atlanta,GA,(404) 500-9753,Fulton County,33.746407,-84.366058,,0.0,,"(33.746407, -84.366058)",n/a
20,30308,Cristo Rey Atlanta Jesuit High School,"Cristo Rey Atlanta Jesuit High School, a private school located in Atlanta, GA, serves grades 9-12 in the .",private,h,"9,10,11,12",222 Piedmont Avenue Northeast,Atlanta,GA,(404) 637-2800,Fulton County,33.760597,-84.382477,,0.0,,"(33.760597, -84.382477)",A-
24,30314,KIPP Atlanta Collegiate,"KIPP Atlanta Collegiate, a charter school located in Atlanta, GA, serves grades 9-12 in the Atlanta Public Schools.It has received a GreatSchools Rating of 4 out of 10, based on a variety of school quality measures.",charter,h,"9,10,11,12",98 Anderson Avenue Northwest,Atlanta,GA,(404) 326-4858,Fulton County,33.756157,-84.451271,Atlanta Public Schools,4.0,4,"(33.756157, -84.451271)",A-
26,30314,Booker T. Washington High School,"Booker T. Washington High School, a public school located in Atlanta, GA, serves grades 9-12 in the Atlanta Public Schools.It has received a GreatSchools Rating of 3 out of 10, based on a variety of school quality measures.",public,h,"9,10,11,12",45 Whitehouse Drive Southwest,Atlanta,GA,(404) 802-4600,Fulton County,33.753689,-84.420685,Atlanta Public Schools,4.0,3,"(33.753689, -84.420685)",B+
30,30314,Bright Futures Academy,"Bright Futures Academy, a private school located in Atlanta, GA, serves grades 6-12 in the .",private,"m,h","6,7,8,9,10,11,12",1300 Joseph E. Boone Boulevard Northwest,Atlanta,GA,(404) 963-6804,Fulton County,33.762287,-84.429901,,0.0,,"(33.762287, -84.429901)",D-
34,30310,Heavenly Institute Of Learning,"Heavenly Institute Of Learning, a private school located in Atlanta, GA, serves grades 3-10 in the .",private,"e,m,h","3,4,5,6,7,8,9,10",Po Box 11307,Atlanta,GA,(404) 753-5297,Fulton,33.732189,-84.422516,,0.0,,"(33.732189, -84.422516)",C
43,30310,Tamu S. Kanyama Prep Academy,"Tamu S. Kanyama Prep Academy, a private school located in Atlanta, GA, serves grades 9-11 in the .",private,h,"9,10,11",967 Dewey Street Southwest,Atlanta,GA,(404) 669-6884,Fulton County,33.728687,-84.407623,,0.0,,"(33.728687, -84.407623)",n/a
47,30306,Laurel Heights Academy (Hospital),"Laurel Heights Academy (Hospital), a private school located in Atlanta, GA, serves grades 2-11 in the .",private,"e,m,h","2,3,4,5,6,7,8,9,10,11",934 Briarcliff Road Northeast,Atlanta,GA,(404) 888-7895,DeKalb,33.780273,-84.345589,,0.0,,"(33.780273, -84.345589)",C-
50,30306,Uhs Of Laurel Heights,"Uhs Of Laurel Heights, a public school located in Atlanta, GA, serves grades 1-3, 6-12 in the Dekalb County School District.",public,"e,m,h","1,2,3,6,7,8,9,10,11,12",934 Briarcliff Road Northeast,Atlanta,GA,(404) 888-7876,Dekalb County,33.780067,-84.345291,Dekalb County School District,55.0,,"(33.780067, -84.345291)",A
51,30306,Hillside Conant School,"Hillside Conant School, a public school located in Atlanta, GA, serves grades 1-12 in the Atlanta Public Schools.",public,"e,m,h","1,2,3,4,5,6,7,8,9,10,11,12",690 Courtenay Drive Northeast,Atlanta,GA,(404) 875-4551,Fulton County,33.790104,-84.364876,Atlanta Public Schools,4.0,,"(33.790104, -84.364876)",A
56,30309,Midtown High School,"Midtown High School, a public school located in Atlanta, GA, serves grades 9-12 in the Atlanta Public Schools.It has received a GreatSchools Rating of 7 out of 10, based on a variety of school quality measures.",public,h,"9,10,11,12",929 Charles Allen Drive Northeast,Atlanta,GA,(404) 802-3001,Fulton County,33.780567,-84.372711,Atlanta Public Schools,4.0,7,"(33.780567, -84.372711)",A-
59,30307,Paideia School,"Paideia School, a private school located in Atlanta, GA, serves grades PK-12 in the .",private,"p,e,m,h","PK,TK,KG,1,2,3,4,5,6,7,8,9,10,11,12",1509 Ponce De Leon Avenue Northeast,Atlanta,GA,(404) 270-2307,Dekalb County,33.773182,-84.337914,,0.0,,"(33.773182, -84.337914)",n/a
60,30307,Horizons School,"Horizons School, a private school located in Atlanta, GA, serves grades K-12 in the .",private,"e,m,h","KG,1,2,3,4,5,6,7,8,9,10,11,12",1900 Dekalb Ave NE,Atlanta,GA,(404) 378-2219,Fulton,33.761005,-84.324791,,0.0,,"(33.761005, -84.324791)",n/a
62,30307,The New School,"The New School, a private school located in Atlanta, GA, serves grades 9-12 in the .",private,h,"9,10,11,12",655 Memorial Drive SE,Atlanta,GA,(404) 500-9753,Fulton,33.756809,-84.354485,,0.0,,"(33.756809, -84.354485)",n/a
64,30307,Druid Hills High School,"Druid Hills High School, a public school located in Atlanta, GA, serves grades 9-12 in the Dekalb County School District.It has received a GreatSchools Rating of 6 out of 10, based on a variety of school quality measures.",public,h,"9,10,11,12",1798 Haygood Drive Northeast,Atlanta,GA,(678) 874-6302,Dekalb County,33.793098,-84.315834,Dekalb County School District,55.0,6,"(33.793098, -84.315834)",n/a
70,30315,Aps-Forrest Hills Academey,"Aps-Forrest Hills Academey, a public school located in Atlanta, GA, serves grades 6-12 in the Atlanta Public Schools.",public,"m,h","6,7,8,9,10,11,12",2930 Forrest Hills Drive Southwest,Atlanta,GA,(404) 591-7275,Fulton County,33.675117,-84.398468,Atlanta Public Schools,4.0,,"(33.675117, -84.398468)",A
72,30315,Early College High School At Carver,"Early College High School At Carver, a public school located in Atlanta, GA, serves grades 9-12 in the Atlanta Public Schools.It has received a GreatSchools Rating of 7 out of 10, based on a variety of school quality measures.",public,h,"9,10,11,12",55 McDonough Boulevard Southeast,Atlanta,GA,(404) 802-4405,Fulton County,33.720566,-84.387085,Atlanta Public Schools,4.0,7,"(33.720566, -84.387085)",A+
73,30315,School Of Technology At Carver,"School Of Technology At Carver, a public school located in Atlanta, GA, serves grades 10-12 in the Atlanta Public Schools.",public,h,"10,11,12",55 McDonough Boulevard Southeast,Atlanta,GA,(404) 802-4410,Fulton,33.720566,-84.387085,Atlanta Public Schools,4.0,,"(33.720566, -84.387085)",A+
84,30315,Carver High School,"Carver High School, a public school located in Atlanta, GA, serves grades 9-12 in the Atlanta Public Schools.It has received a GreatSchools Rating of 2 out of 10, based on a variety of school quality measures.",public,h,"9,10,11,12",55 McDonough Boulevard Southeast,Atlanta,GA,(404) 802-4415,Fulton County,33.720566,-84.387085,Atlanta Public Schools,4.0,2,"(33.720566, -84.387085)",A+
87,30316,Maynard H. Jackson- Jr. High School,"Maynard H. Jackson- Jr. High School, a public school located in Atlanta, GA, serves grades 9-12 in the Atlanta Public Schools.It has received a GreatSchools Rating of 5 out of 10, based on a variety of school quality measures.",public,h,"9,10,11,12",801 Glenwood Avenue Southeast,Atlanta,GA,(404) 802-5200,Fulton County,33.739578,-84.361771,Atlanta Public Schools,4.0,5,"(33.739578, -84.361771)",D+
89,30316,Mohammed Schools Of Atlanta,"Mohammed Schools Of Atlanta, a private school located in Atlanta, GA, serves grades PK-12 in the .",private,"p,e,m,h","PK,TK,KG,1,2,3,4,5,6,7,8,9,10,11,12",735 Fayetteville Road Southeast,Atlanta,GA,(404) 378-4219,Dekalb County,33.736923,-84.315292,,0.0,,"(33.736923, -84.315292)",n/a
92,30316,Clara Mohammed Elementary/W. D,"Clara Mohammed Elementary/W. D, a private school located in Atlanta, GA, serves grades PK-12 in the .",private,"p,e,m,h","PK,KG,1,2,3,4,5,6,7,8,9,10,11,12",735 Fayetteville Road SE,Atlanta,GA,(404) 378-4219,DeKalb,33.736099,-84.313904,,0.0,,"(33.736099, -84.313904)",A+
93,30316,Light of the World of Atlanta,"Light of the World of Atlanta, a private school located in Atlanta, GA, serves grades K-12 in the .",private,"e,m,h","KG,1,2,3,4,5,6,7,8,9,10,11,12",542 Moreland Avenue Southeast,Atlanta,GA,(404) 635-1199,Dekalb County,33.739594,-84.348824,,0.0,,"(33.739594, -84.348824)",n/a
96,30316,Braddy Preparatory Academy,"Braddy Preparatory Academy, a private school located in Atlanta, GA, serves grades 3-12 in the .",private,"e,m,h","3,4,5,6,7,8,9,10,11,12",542 Moreland Avenue Southeast,Atlanta,GA,(404) 622-0506,DeKalb,33.739666,-84.348495,,0.0,,"(33.739666, -84.348495)",n/a
98,30316,Mcnair High School,"Mcnair High School, a public school located in Atlanta, GA, serves grades 9-12 in the Dekalb County School District.It has received a GreatSchools Rating of 2 out of 10, based on a variety of school quality measures.",public,h,"9,10,11,12",1804 Bouldercrest Road,Atlanta,GA,(678) 874-4902,Dekalb County,33.703907,-84.325111,Dekalb County School District,55.0,2,"(33.703907, -84.325111)",n/a
102,30318,The Howard School,"The Howard School, a private school located in Atlanta, GA, serves grades K-12 in the .",private,"e,m,h","KG,1,2,3,4,5,6,7,8,9,10,11,12",1192 Foster Street Northwest,Atlanta,GA,(404) 377-7436,Fulton County,33.787216,-84.417351,,0.0,,"(33.787216, -84.417351)",
103,30318,Dar Un-Noor School,"Dar Un-Noor School, a private school located in Atlanta, GA, serves grades PK-12 in the .",private,"p,e,m,h","PK,TK,KG,1,2,3,4,5,6,7,8,9,10,11,12",434 14th Street Northwest,Atlanta,GA,(404) 876-5051,Fulton County,33.785286,-84.401428,,0.0,,"(33.785286, -84.401428)",
105,30318,Greater Atlanta Adventist Academy,"Greater Atlanta Adventist Academy, a private school located in Atlanta, GA, serves grades 9-12 in the .",private,h,"9,10,11,12",401 Hamilton E Holmes Drive Northwest,Atlanta,GA,(404) 799-0337,Fulton County,33.766064,-84.469193,,0.0,,"(33.766064, -84.469193)",
109,30318,The B.E.S.T. Academy,"The B.E.S.T. Academy, a public school located in Atlanta, GA, serves grades 6-12 in the Atlanta Public Schools.It has received a GreatSchools Rating of 5 out of 10, based on a variety of school quality measures.",public,"m,h","6,7,8,9,10,11,12",1190 Northwest Drive Northwest,Atlanta,GA,(404) 802-4900,Fulton County,33.788624,-84.479691,Atlanta Public Schools,4.0,5,"(33.788624, -84.479691)",
112,30318,Douglass High School,"Douglass High School, a public school located in Atlanta, GA, serves grades 9-12 in the Atlanta Public Schools.It has received a GreatSchools Rating of 2 out of 10, based on a variety of school quality measures.",public,h,"9,10,11,12",225 Hamilton E Holmes Drive Northwest,Atlanta,GA,(404) 802-3100,Fulton County,33.761143,-84.469513,Atlanta Public Schools,4.0,2,"(33.761143, -84.469513)",
115,30318,Corretta Scott King Womens' Leadership Academy,"Corretta Scott King Womens' Leadership Academy, a public school located in Atlanta, GA, serves grades 6-12 in the Atlanta Public Schools.It has received a GreatSchools Rating of 6 out of 10, based on a variety of school quality measures.",public,"m,h","6,7,8,9,10,11,12",1190 Northwest Drive Northwest,Atlanta,GA,(404) 802-4900,Fulton County,33.788624,-84.479691,Atlanta Public Schools,4.0,6,"(33.788624, -84.479691)",
118,30318,The Howard School,"The Howard School, a private school located in Atlanta, GA, serves grades K-12 in the .",private,"e,m,h","KG,1,2,3,4,5,6,7,8,9,10,11,12",1192 Foster Street Northwest,Atlanta,GA,,Fulton County,33.787216,-84.417351,,0.0,,"(33.787216, -84.417351)",
125,30317,Charles Drew Charter School Ja/Sa,"Charles Drew Charter School Ja/Sa, a charter school located in Atlanta, GA, serves grades 6-12 in the Atlanta Public Schools.It has received a GreatSchools Rating of 7 out of 10, based on a variety of school quality measures.",charter,"m,h","6,7,8,9,10,11,12",300 East Lake Boulevard Southeast,Atlanta,GA,(404) 687-0001,Dekalb County,33.74271,-84.315437,Atlanta Public Schools,4.0,7,"(33.74271, -84.315437)",
126,30317,Crim High School,"Crim High School, a public school located in Atlanta, GA, serves grades 9-12 in the Atlanta Public Schools.",public,h,"9,10,11,12",256 Clifton Street Southeast,Atlanta,GA,(404) 802-5800,Dekalb County,33.745178,-84.331116,Atlanta Public Schools,4.0,,"(33.745178, -84.331116)",
127,30324,Heritage Preparatory School,"Heritage Preparatory School, a private school located in Atlanta, GA, serves grades PK-10 in the .",private,"p,e,m,h","PK,KG,1,2,3,4,5,6,7,8,9,10",1700 Piedmont Avenue Northeast,Atlanta,GA,(404) 815-7711,Fulton County,33.80143,-84.367943,,0.0,,"(33.80143, -84.367943)",
129,30324,"Midtown International School, Inc.","Midtown International School, Inc., a private school located in Atlanta, GA, serves grades K-12 in the .",private,"e,m,h","KG,1,2,3,4,5,6,7,8,9,10,11,12",1575 Sheridan Road Northeast,Atlanta,GA,(404) 542-7003,Dekalb County,33.824368,-84.335556,,0.0,,"(33.824368, -84.335556)",
140,30311,Therrell High School,"Therrell High School, a public school located in Atlanta, GA, serves grades 9-12 in the Atlanta Public Schools.It has received a GreatSchools Rating of 4 out of 10, based on a variety of school quality measures.",public,h,"9,10,11,12",3099 Panther Trail Southwest,Atlanta,GA,(404) 802-5300,Fulton County,33.699608,-84.48896,Atlanta Public Schools,4.0,4,"(33.699608, -84.48896)",
141,30311,Black Star Educational Institute,"Black Star Educational Institute, a private school located in Atlanta, GA, serves grades K-12 in the .",private,"e,m,h","KG,1,2,3,4,5,6,7,8,9,10,11,12",2295 Benjamin E Mays Dr SW,Atlanta,GA,(404) 963-1713,Fulton,33.723316,-84.463585,,0.0,,"(33.723316, -84.463585)",
151,30344,Tri-Cities High School,"Tri-Cities High School, a public school located in East Point, GA, serves grades 9-12 in the Fulton County School District.It has received a GreatSchools Rating of 3 out of 10, based on a variety of school quality measures.",public,h,"9,10,11,12",2575 Harris Street,East Point,GA,(470) 254-8200,Fulton County,33.684666,-84.436386,Fulton County School District,73.0,3,"(33.684666, -84.436386)",
152,30344,Pathway Christian School,"Pathway Christian School, a private school located in East Point, GA, serves grades PK-12 in the .",private,"p,e,m,h","PK,KG,1,2,3,4,5,6,7,8,9,10,11,12",1706 Washington Ave,East Point,GA,(404) 763-3216,Fulton,33.675228,-84.444496,,0.0,,"(33.675228, -84.444496)",
160,30344,Cameron Academy,"Cameron Academy, a private school located in East Point, GA, serves grades PK-12 & Ungraded in the .",private,"p,e,m,h","PK,KG,1,2,3,4,5,6,7,8,9,10,11,12,UG",1312 Knotts Ave.,East Point,GA,(404) 281-3667,Fulton,33.69701,-84.431267,,0.0,,"(33.69701, -84.431267)",
162,30344,Fulton Leadership Academy,"Fulton Leadership Academy, a charter school located in East Point, GA, serves grades 6-12 in the Commission Charter Schools- Fulton Leadership Academy School District.It has received a GreatSchools Rating of 3 out of 10, based on a variety of school quality measures.",charter,"m,h","6,7,8,9,10,11,12",2575 Dodson Drive,East Point,GA,(404) 472-3529,Fulton County,33.685265,-84.476036,Commission Charter Schools- Fulton Leadership Academy School District,219.0,3,"(33.685265, -84.476036)",
165,30344,Cornerstone Community Services Learning Academy,"Cornerstone Community Services Learning Academy, a private school located in Atlanta, GA, serves grades Ungraded in the .",private,"e,m,h",UG,777 Cleveland Avenue Southwest,Atlanta,GA,(404) 767-0222,Fulton,33.681713,-84.414864,,0.0,,"(33.681713, -84.414864)",
174,30305,Atlanta International School,"Atlanta International School, a private school located in Atlanta, GA, serves grades PK-12 in the .",private,"p,e,m,h","PK,TK,KG,1,2,3,4,5,6,7,8,9,10,11,12",2890 North Fulton Drive Northeast,Atlanta,GA,(404) 841-3840,Fulton County,33.833084,-84.378807,,0.0,,"(33.833084, -84.378807)",
181,30305,Atlanta Classical Academy,"Atlanta Classical Academy, a charter school located in Atlanta, GA, serves grades K-12 in the Atlanta Public Schools.It has received a GreatSchools Rating of 6 out of 10, based on a variety of school quality measures.",charter,"e,m,h","KG,1,2,3,4,5,6,7,8,9,10,11,12",3260 Northside Drive Northwest,Atlanta,GA,(404) 369-3500,Fulton County,33.843563,-84.407898,Atlanta Public Schools,4.0,6,"(33.843563, -84.407898)",
189,30030,Academe of the Oaks,"Academe of the Oaks, a private school located in Decatur, GA, serves grades 9-12 in the .",private,h,"9,10,11,12",146 New Street,Decatur,GA,(404) 405-2173,Dekalb County,33.771698,-84.284317,,0.0,,"(33.771698, -84.284317)",
192,30030,So Much 2 Learn Home School,"So Much 2 Learn Home School, a private school located in Decatur, GA, serves grades K-12 in the .",private,"e,m,h","KG,1,2,3,4,5,6,7,8,9,10,11,12",430 E Ponce de Leon Ave,Decatur,GA,(404) 370-7329,DeKalb,33.775581,-84.290863,,0.0,,"(33.775581, -84.290863)",
198,30030,Decatur High School,"Decatur High School, a public school located in Decatur, GA, serves grades 9-12 in the Decatur City School District.It has received a GreatSchools Rating of 8 out of 10, based on a variety of school quality measures.",public,h,"9,10,11,12",310 North McDonough Street,Decatur,GA,(404) 370-4420,Dekalb County,33.77211,-84.297981,Decatur City School District,53.0,8,"(33.77211, -84.297981)",
209,30354,Assisted Learning Centers,"Assisted Learning Centers, a private school located in Hapeville, GA, serves grades 6-12 in the .",private,"m,h","6,7,8,9,10,11,12",4282B Old Dixie Highway,Hapeville,GA,(404) 567-4081,Clayton,33.637798,-84.390297,,0.0,,"(33.637798, -84.390297)",
211,30354,South Atlanta High School,"South Atlanta High School, a public school located in Atlanta, GA, serves grades 9-12 in the Atlanta Public Schools.It has received a GreatSchools Rating of 4 out of 10, based on a variety of school quality measures.",public,h,"9,10,11,12",800 Hutchens Road Southeast,Atlanta,GA,(404) 802-5050,Fulton County,33.671005,-84.361679,Atlanta Public Schools,4.0,4,"(33.671005, -84.361679)",
214,30329,Ben Franklin Academy,"Ben Franklin Academy, a private school located in Atlanta, GA, serves grades 8-12 in the .",private,"m,h","8,9,10,11,12",1585 CLIFTON RD NE,Atlanta,GA,(404) 633-7404,DEKALB,33.828106,-84.327911,,0.0,,"(33.828106, -84.327911)",
215,30329,Temima High School,"Temima High School, a private school located in Atlanta, GA, serves grades 9-12 in the .",private,h,"9,10,11,12",1839 Lavista Road Northeast,Atlanta,GA,(404) 315-0507,Dekalb County,33.816044,-84.326584,,0.0,,"(33.816044, -84.326584)",
218,30329,Yeshiva Ohr Yisrael Of Atlanta,"Yeshiva Ohr Yisrael Of Atlanta, a private school located in Atlanta, GA, serves grades 9-12 in the .",private,h,"9,10,11,12",1458 Holly Lane Northeast,Atlanta,GA,(404) 320-1444,Dekalb County,33.82373,-84.324501,,0.0,,"(33.82373, -84.324501)",
219,30329,Marcus Institute School,"Marcus Institute School, a private school located in Atlanta, GA, serves grades Ungraded in the .",private,"e,m,h",UG,1920 Briarcliff Rd,Atlanta,GA,(404) 419-4459,DeKalb,33.809185,-84.334396,,0.0,,"(33.809185, -84.334396)",
221,30329,Margaret Harris Comprehensive School,"Margaret Harris Comprehensive School, a public school located in Atlanta, GA, serves grades PK-12 in the Dekalb County School District.",public,"p,e,m,h","PK,KG,1,2,3,4,5,6,7,8,9,10,11,12",1634 Knob Hill Drive Northeast,Atlanta,GA,(678) 874-7002,Dekalb County,33.829346,-84.320862,Dekalb County School District,55.0,,"(33.829346, -84.320862)",
227,30329,Rivers Academy   Atlanta,"Rivers Academy   Atlanta, a private school located in Atlanta, GA, serves grades 5-12 in the .",private,"e,m,h","5,6,7,8,9,10,11,12",1934 Cliff Valley Way Northeast,Atlanta,GA,(404) 458-5160,Dekalb County,33.835274,-84.324005,,0.0,,"(33.835274, -84.324005)",
229,30326,Fusion Academy Buckhead,"Fusion Academy Buckhead, a private school located in Atlanta, GA, serves grades 6-12 in the .",private,"m,h","6,7,8,9,10,11,12",3475 Lenox Road Northeast,Atlanta,GA,(762) 224-0422,Fulton,33.849213,-84.360664,,0.0,,"(33.849213, -84.360664)",
232,30032,Miller Preparatory Academy For,"Miller Preparatory Academy For, a private school located in Decatur, GA, serves grades 3-12 in the .",private,"e,m,h","3,4,5,6,7,8,9,10,11,12",2135 Shamrock Drive,Decatur,GA,(770) 322-9097,DeKalb,33.727501,-84.257797,,0.0,,"(33.727501, -84.257797)",
235,30032,The Community School,"The Community School, a private school located in Decatur, GA, serves grades 7-12 in the .",private,"m,h","7,8,9,10,11,12",3516 Covington Highway,Decatur,GA,(404) 308-8548,Dekalb County,33.766743,-84.250725,,0.0,,"(33.766743, -84.250725)",
244,30032,Columbia High School,"Columbia High School, a public school located in Decatur, GA, serves grades 9-12 in the Dekalb County School District.It has received a GreatSchools Rating of 3 out of 10, based on a variety of school quality measures.",public,h,"9,10,11,12",2106 Columbia Drive,Decatur,GA,(678) 874-0802,Dekalb County,33.727882,-84.250519,Dekalb County School District,55.0,3,"(33.727882, -84.250519)",
247,30032,Towers High School,"Towers High School, a public school located in Decatur, GA, serves grades 9-12 in the Dekalb County School District.It has received a GreatSchools Rating of 3 out of 10, based on a variety of school quality measures.",public,h,"9,10,11,12",3919 Brookcrest Circle,Decatur,GA,(678) 874-2202,Dekalb County,33.746929,-84.237183,Dekalb County School District,55.0,3,"(33.746929, -84.237183)",
253,30033,Montessori School At Emory,"Montessori School At Emory, a private school located in Decatur, GA, serves grades Ungraded in the .",private,"e,m,h",UG,3021 North Decatur Road,Decatur,GA,(404) 634-5777,DeKalb,33.793659,-84.269646,,0.0,,"(33.793659, -84.269646)",
266,30033,21 Century STEM Academy,"21 Century STEM Academy, a private school located in Decatur, GA, serves grades K-10 in the .",private,"e,m,h","KG,1,2,3,4,5,6,7,8,9,10",1549 Clairmont Road,Decatur,GA,(404) 343-2447,Dekalb County,33.799164,-84.306938,,0.0,,"(33.799164, -84.306938)",
268,30002,Dekalb School Of The Arts,"Dekalb School Of The Arts, a public school located in Avondale Estates, GA, serves grades 8-12 in the Dekalb County School District.It has received a GreatSchools Rating of 8 out of 10, based on a variety of school quality measures.",public,"m,h","8,9,10,11,12",1192 Clarendon Avenue,Avondale Estates,GA,(678) 676-2502,Dekalb County,33.759178,-84.266724,Dekalb County School District,55.0,8,"(33.759178, -84.266724)",
274,30327,North Atlanta High School,"North Atlanta High School, a public school located in Atlanta, GA, serves grades 9-12 in the Atlanta Public Schools.It has received a GreatSchools Rating of 7 out of 10, based on a variety of school quality measures.",public,h,"9,10,11,12",4111 Northside Parkway Northwest,Atlanta,GA,(404) 802-4700,Fulton County,33.866638,-84.445,Atlanta Public Schools,4.0,7,"(33.866638, -84.445)",
276,30327,Pace Academy,"Pace Academy, a private school located in Atlanta, GA, serves grades K-12 in the .",private,"e,m,h","KG,1,2,3,4,5,6,7,8,9,10,11,12",966 West Paces Ferry Road Northwest,Atlanta,GA,(404) 262-1345,Fulton County,33.849037,-84.417099,,0.0,,"(33.849037, -84.417099)",
277,30327,The Westminster Schools,"The Westminster Schools, a private school located in Atlanta, GA, serves grades K-12 in the .",private,"e,m,h","KG,1,2,3,4,5,6,7,8,9,10,11,12",1424 West Paces Ferry Road Northwest,Atlanta,GA,(404) 367-5128,Fulton County,33.841892,-84.43409,,0.0,,"(33.841892, -84.43409)",
278,30327,Holy Innocents Episcopal School,"Holy Innocents Episcopal School, a private school located in Atlanta, GA, serves grades PK-12 in the .",private,"p,e,m,h","PK,TK,KG,1,2,3,4,5,6,7,8,9,10,11,12",805 Mount Vernon Highway,Atlanta,GA,(404) 847-1158,Fulton County,33.908474,-84.414001,,0.0,,"(33.908474, -84.414001)",
279,30327,Lovett School,"Lovett School, a private school located in Atlanta, GA, serves grades K-12 in the .",private,"e,m,h","KG,1,2,3,4,5,6,7,8,9,10,11,12",4075 Paces Ferry Road Northwest,Atlanta,GA,(404) 262-3032,Fulton County,33.858574,-84.453445,,0.0,,"(33.858574, -84.453445)",
281,30327,Holy Spirit Preparatory School,"Holy Spirit Preparatory School, a private school located in Atlanta, GA, serves grades PK-12 in the .",private,"p,e,m,h","PK,KG,1,2,3,4,5,6,7,8,9,10,11,12",4449 Northside Dr,Atlanta,GA,(678) 761-7992,Fulton,33.877029,-84.409439,,0.0,,"(33.877029, -84.409439)",
285,30327,Atlanta Girls School,"Atlanta Girls School, a private school located in Atlanta, GA, serves grades 6-12 in the .",private,"m,h","6,7,8,9,10,11,12",3254 Northside Parkway Northwest,Atlanta,GA,(404) 845-0900,Fulton County,33.842667,-84.42424,,0.0,,"(33.842667, -84.42424)",
288,30327,Holy Spirit Prepartory School,"Holy Spirit Prepartory School, a private school located in Atlanta, GA, serves grades PK-12 in the .",private,"p,e,m,h","PK,TK,KG,1,2,3,4,5,6,7,8,9,10,11,12",4449 Northside Drive Northwest,Atlanta,GA,(678) 904-2811,Fulton County,33.877247,-84.409439,,0.0,,"(33.877247, -84.409439)",
291,30331,Westlake High School,"Westlake High School, a public school located in Atlanta, GA, serves grades 9-12 in the Fulton County School District.It has received a GreatSchools Rating of 7 out of 10, based on a variety of school quality measures.",public,h,"9,10,11,12",2400 Union Road Southwest,Atlanta,GA,(470) 254-6400,Fulton County,33.689373,-84.575768,Fulton County School District,73.0,7,"(33.689373, -84.575768)",
293,30331,Mays High School,"Mays High School, a public school located in Atlanta, GA, serves grades 9-12 in the Atlanta Public Schools.It has received a GreatSchools Rating of 2 out of 10, based on a variety of school quality measures.",public,h,"9,10,11,12",3450 Benjamin E Mays Drive Southwest,Atlanta,GA,(404) 802-5100,Fulton County,33.734257,-84.5037,Atlanta Public Schools,4.0,2,"(33.734257, -84.5037)",
295,30331,Southwest Atlanta Christian Academy,"Southwest Atlanta Christian Academy, a private school located in Atlanta, GA, serves grades PK-12 in the .",private,"p,e,m,h","PK,TK,KG,1,2,3,4,5,6,7,8,9,10,11,12",3911 Campbellton Road Southwest,Atlanta,GA,(404) 346-2080,Fulton County,33.692966,-84.516037,,0.0,,"(33.692966, -84.516037)",
302,30331,Southwest Atlanta Christian Academy,"Southwest Atlanta Christian Academy, a private school located in Atlanta, GA, serves grades PK-12 in the .",private,"p,e,m,h","PK,KG,1,2,3,4,5,6,7,8,9,10,11,12",3911 Campbellton Road SW,Atlanta,GA,(404) 346-2080,Fulton,33.693298,-84.516296,,0.0,,"(33.693298, -84.516296)",
326,30288,ACT,"ACT, a private school located in Conley, GA, serves grades K-12 in the .",private,"e,m,h","KG,1,2,3,4,5,6,7,8,9,10,11,12",PO BOX 503,Conley,GA,(404) 549-2327,DEKALB,33.661015,-84.327911,,0.0,,"(33.661015, -84.327911)",
327,30288,Camp Jewell House Academy,"Camp Jewell House Academy, a private school located in Conley, GA, serves grades K-12 in the .",private,"e,m,h","KG,1,2,3,4,5,6,7,8,9,10,11,12",PO BOX 503,Conley,GA,(678) 418-7703,DEKALB,33.661015,-84.327911,,0.0,,"(33.661015, -84.327911)",
329,30319,Marist School,"Marist School, a private school located in Atlanta, GA, serves grades 7-12 in the .",private,"m,h","7,8,9,10,11,12",3790 Ashford Dunwoody Road Northeast,Atlanta,GA,(770) 457-4201,Dekalb County,33.901443,-84.335144,,0.0,,"(33.901443, -84.335144)",
334,30319,Cross Keys High School,"Cross Keys High School, a public school located in Brookhaven, GA, serves grades 9-12 in the Dekalb County School District.It has received a GreatSchools Rating of 5 out of 10, based on a variety of school quality measures.",public,h,"9,10,11,12",1626 N Druid Hills Rd NE,Brookhaven,GA,(678) 874-6102,DeKalb County,33.843887,-84.337982,Dekalb County School District,55.0,5,"(33.843887, -84.337982)",
340,30319,The Piedmont School of Atlanta,"The Piedmont School of Atlanta, a private school located in Brookhaven, GA, serves grades K-10 in the .",private,"e,m,h","KG,1,2,3,4,5,6,7,8,9,10",4484 Peachtree Road Northeast,Brookhaven,GA,(404) 382-8200,Dekalb County,33.875816,-84.3349,,0.0,,"(33.875816, -84.3349)",
342,30337,Mcclarin Alternative School,"Mcclarin Alternative School, a public school located in College Park, GA, serves grades 10-12 in the Fulton County School District.It has received a GreatSchools Rating of 2 out of 10, based on a variety of school quality measures.",public,h,"10,11,12",3605 Main St,College Park,GA,(470) 254-8080,Fulton County,33.656731,-84.450516,Fulton County School District,73.0,2,"(33.656731, -84.450516)",
343,30337,Woodward Academy,"Woodward Academy, a private school located in College Park, GA, serves grades PK-12 in the .",private,"p,e,m,h","PK,TK,KG,1,2,3,4,5,6,7,8,9,10,11,12",1662 West Rugby Avenue,College Park,GA,(404) 765-4011,Fulton County,33.662815,-84.441978,,0.0,,"(33.662815, -84.441978)",
346,30337,Bridge Academy,"Bridge Academy, a private school located in College Park, GA, serves grades 9-12 in the .",private,h,"9,10,11,12",3707 Main Street,College Park,GA,(770) 961-5421,Fulton County,33.654034,-84.449631,,0.0,,"(33.654034, -84.449631)",
353,30034,Greenforest Mccalep Christian Academy,"Greenforest Mccalep Christian Academy, a private school located in Decatur, GA, serves grades PK-12 in the .",private,"p,e,m,h","PK,TK,KG,1,2,3,4,5,6,7,8,9,10,11,12",3250 Rainbow Drive,Decatur,GA,(404) 486-6737,Dekalb County,33.714642,-84.257759,,0.0,,"(33.714642, -84.257759)",
365,30034,Southwest Dekalb High School,"Southwest Dekalb High School, a public school located in Decatur, GA, serves grades 9-12 in the Dekalb County School District.It has received a GreatSchools Rating of 4 out of 10, based on a variety of school quality measures.",public,h,"9,10,11,12",2863 Kelley Chapel Road,Decatur,GA,(678) 874-1902,Dekalb County,33.70158,-84.225906,Dekalb County School District,55.0,4,"(33.70158, -84.225906)",
369,30345,St Pius X Catholic High School,"St Pius X Catholic High School, a private school located in Atlanta, GA, serves grades 9-12 in the .",private,h,"9,10,11,12",2674 Johnson Road Northeast,Atlanta,GA,(404) 636-3023,Dekalb County,33.864414,-84.291489,,0.0,,"(33.864414, -84.291489)",
370,30345,Lullwater School,"Lullwater School, a private school located in Atlanta, GA, serves grades Ungraded in the .",private,"e,m,h",UG,4105 Briarcliff Road NE,Atlanta,GA,(404) 315-0305,Dekalb,33.855083,-84.279945,,0.0,,"(33.855083, -84.279945)",
374,30345,Lakeside High School,"Lakeside High School, a public school located in Atlanta, GA, serves grades 9-12 in the Dekalb County School District.It has received a GreatSchools Rating of 5 out of 10, based on a variety of school quality measures.",public,h,"9,10,11,12",3801 Briarcliff Road Northeast,Atlanta,GA,(678) 874-6702,Dekalb County,33.844547,-84.284828,Dekalb County School District,55.0,5,"(33.844547, -84.284828)",
377,30345,Abm Vietnamese School,"Abm Vietnamese School, a private school located in Atlanta, GA, serves grades 6-12 in the .",private,"m,h","6,7,8,9,10,11,12",4300 BUFORD HWY NE STE 104,Atlanta,GA,(404) 254-3907,DEKALB,33.848419,-84.285812,,0.0,,"(33.848419, -84.285812)",
382,30342,Yeshiva Atlanta High School,"Yeshiva Atlanta High School, a private school located in Atlanta, GA, serves grades PK-12 in the .",private,"p,e,m,h","PK,TK,KG,1,2,3,4,5,6,7,8,9,10,11,12",5200 Northland Drive,Atlanta,GA,(770) 451-5299,Fulton County,33.895885,-84.366486,,0.0,,"(33.895885, -84.366486)",
383,30342,The Galloway School,"The Galloway School, a private school located in Atlanta, GA, serves grades PK-12 in the .",private,"p,e,m,h","PK,TK,KG,1,2,3,4,5,6,7,8,9,10,11,12",215 Chastain Park Avenue Northwest,Atlanta,GA,(404) 252-8389,Fulton County,33.875198,-84.393661,,0.0,,"(33.875198, -84.393661)",
385,30342,North Metro Psychoeducational Program,"North Metro Psychoeducational Program, a public school located in Atlanta, GA, serves grades Ungraded in the Atlanta Public Schools.",public,"e,m,h",UG,"4191 Northside Drive, N. W.",Atlanta,GA,(404) 233-7828,Fulton,33.869801,-84.407204,Atlanta Public Schools,4.0,,"(33.869801, -84.407204)",
0,,,,,,,,,,,,,,,,,,n/a
4,,,,,,,,,,,,,,,,,,n/a
7,,,,,,,,,,,,,,,,,,B-
8,,,,,,,,,,,,,,,,,,C+
9,,,,,,,,,,,,,,,,,,B-
10,,,,,,,,,,,,,,,,,,C+
11,,,,,,,,,,,,,,,,,,n/a
12,,,,,,,,,,,,,,,,,,n/a
15,,,,,,,,,,,,,,,,,,n/a
16,,,,,,,,,,,,,,,,,,A+
17,,,,,,,,,,,,,,,,,,A+
18,,,,,,,,,,,,,,,,,,n/a
19,,,,,,,,,,,,,,,,,,A-
21,,,,,,,,,,,,,,,,,,n/a
22,,,,,,,,,,,,,,,,,,C+
23,,,,,,,,,,,,,,,,,,n/a
25,,,,,,,,,,,,,,,,,,n/a
27,,,,,,,,,,,,,,,,,,n/a
28,,,,,,,,,,,,,,,,,,n/a
29,,,,,,,,,,,,,,,,,,n/a
31,,,,,,,,,,,,,,,,,,C-
32,,,,,,,,,,,,,,,,,,B-
33,,,,,,,,,,,,,,,,,,B-
35,,,,,,,,,,,,,,,,,,D+
36,,,,,,,,,,,,,,,,,,C+
37,,,,,,,,,,,,,,,,,,C-
38,,,,,,,,,,,,,,,,,,A-
39,,,,,,,,,,,,,,,,,,n/a
40,,,,,,,,,,,,,,,,,,n/a
41,,,,,,,,,,,,,,,,,,A+
42,,,,,,,,,,,,,,,,,,C-
44,,,,,,,,,,,,,,,,,,C-
45,,,,,,,,,,,,,,,,,,n/a
46,,,,,,,,,,,,,,,,,,C
48,,,,,,,,,,,,,,,,,,n/a
49,,,,,,,,,,,,,,,,,,A+
52,,,,,,,,,,,,,,,,,,n/a
53,,,,,,,,,,,,,,,,,,A+
54,,,,,,,,,,,,,,,,,,n/a
55,,,,,,,,,,,,,,,,,,C-
57,,,,,,,,,,,,,,,,,,A-
58,,,,,,,,,,,,,,,,,,n/a
61,,,,,,,,,,,,,,,,,,n/a
63,,,,,,,,,,,,,,,,,,B+
65,,,,,,,,,,,,,,,,,,n/a
66,,,,,,,,,,,,,,,,,,C-
67,,,,,,,,,,,,,,,,,,n/a
68,,,,,,,,,,,,,,,,,,n/a
69,,,,,,,,,,,,,,,,,,A+
71,,,,,,,,,,,,,,,,,,A+
74,,,,,,,,,,,,,,,,,,A+
75,,,,,,,,,,,,,,,,,,A+
76,,,,,,,,,,,,,,,,,,A+
77,,,,,,,,,,,,,,,,,,A+
78,,,,,,,,,,,,,,,,,,n/a
79,,,,,,,,,,,,,,,,,,C-
80,,,,,,,,,,,,,,,,,,B+
81,,,,,,,,,,,,,,,,,,B+
82,,,,,,,,,,,,,,,,,,n/a
83,,,,,,,,,,,,,,,,,,n/a
85,,,,,,,,,,,,,,,,,,C+
86,,,,,,,,,,,,,,,,,,n/a
88,,,,,,,,,,,,,,,,,,A+
90,,,,,,,,,,,,,,,,,,B
91,,,,,,,,,,,,,,,,,,C
94,,,,,,,,,,,,,,,,,,A-
95,,,,,,,,,,,,,,,,,,n/a
97,,,,,,,,,,,,,,,,,,A+
