,Unnamed: 0,Zipcode,universal-id,nces-id,state-id,name,school-summary,type,level-codes,level,street,city,state,fipscounty,phone,fax,county,lat,lon,district-name,district-id,web-site,overview-url,rating,year,rating-description,lat_lon,Average Housing Price
0,13,30312,1309030,BB160891,,The New School,"The New School, a private school located in Atlanta, GA, serves grades 9-12 in the .",private,h,"9,10,11,12",655 Memorial Drive Southeast,Atlanta,GA,13121,(404) 500-9753,,Fulton County,33.746407,-84.366058,,0,,https://www.greatschools.org/georgia/atlanta/9030-The-New-School/,,,"The GreatSchools Rating helps parents compare schools within a state based on a variety of school quality indicators and provides a helpful picture of how effectively each school serves all of its students. Ratings are on a scale of 1 (below average) to 10 (above average) and can include test scores, college readiness, academic progress, advanced courses, equity, discipline and attendance data. We also advise parents to visit schools, consider other information on school performance and programs, and consider family needs as part of the school selection process.","(33.746407, -84.366058)",580055.0
1,14,30312,1309130,A1790215,,The New School Atlanta,"The New School Atlanta, a private school located in Atlanta, GA, serves grades 9-12 in the .",private,h,"9,10,11,12",655 Memorial Drive Southeast,Atlanta,GA,13121,(404) 500-9753,,Fulton County,33.746407,-84.366058,,0,,https://www.greatschools.org/georgia/atlanta/9130-The-New-School-Atlanta/,,,"The GreatSchools Rating helps parents compare schools within a state based on a variety of school quality indicators and provides a helpful picture of how effectively each school serves all of its students. Ratings are on a scale of 1 (below average) to 10 (above average) and can include test scores, college readiness, academic progress, advanced courses, equity, discipline and attendance data. We also advise parents to visit schools, consider other information on school performance and programs, and consider family needs as part of the school selection process.","(33.746407, -84.366058)",580055.0
2,20,30308,1308900,A1501259,,Cristo Rey Atlanta Jesuit High School,"Cristo Rey Atlanta Jesuit High School, a private school located in Atlanta, GA, serves grades 9-12 in the .",private,h,"9,10,11,12",222 Piedmont Avenue Northeast,Atlanta,GA,13121,(404) 637-2800,,Fulton County,33.760597,-84.382477,,0,,https://www.greatschools.org/georgia/atlanta/8900-Cristo-Rey-Atlanta-Jesuit-High-School/,,,"The GreatSchools Rating helps parents compare schools within a state based on a variety of school quality indicators and provides a helpful picture of how effectively each school serves all of its students. Ratings are on a scale of 1 (below average) to 10 (above average) and can include test scores, college readiness, academic progress, advanced courses, equity, discipline and attendance data. We also advise parents to visit schools, consider other information on school performance and programs, and consider family needs as part of the school selection process.","(33.760597, -84.382477)",692864.91
3,24,30314,1306635,130012004059,7610212.0,KIPP Atlanta Collegiate,"KIPP Atlanta Collegiate, a charter school located in Atlanta, GA, serves grades 9-12 in the Atlanta Public Schools.It has received a GreatSchools Rating of 4 out of 10, based on a variety of school quality measures.",charter,h,"9,10,11,12",98 Anderson Avenue Northwest,Atlanta,GA,13121,(404) 326-4858,,Fulton County,33.756157,-84.451271,Atlanta Public Schools,4,http://www.kippatlantacollegiate.org/,https://www.greatschools.org/georgia/atlanta/6635-KIPP-Atlanta-Collegiate/,4.0,2022.0,"The GreatSchools Rating helps parents compare schools within a state based on a variety of school quality indicators and provides a helpful picture of how effectively each school serves all of its students. Ratings are on a scale of 1 (below average) to 10 (above average) and can include test scores, college readiness, academic progress, advanced courses, equity, discipline and attendance data. We also advise parents to visit schools, consider other information on school performance and programs, and consider family needs as part of the school selection process.","(33.756157, -84.451271)",320176.58
4,26,30314,1308640,130012004174,7610315.0,Booker T. Washington High School,"Booker T. Washington High School, a public school located in Atlanta, GA, serves grades 9-12 in the Atlanta Public Schools.It has received a GreatSchools Rating of 3 out of 10, based on a variety of school quality measures.",public,h,"9,10,11,12",45 Whitehouse Drive Southwest,Atlanta,GA,13121,(404) 802-4600,,Fulton County,33.753689,-84.420685,Atlanta Public Schools,4,,https://www.greatschools.org/georgia/atlanta/8640-Booker-T.-Washington-High-School/,3.0,2022.0,"The GreatSchools Rating helps parents compare schools within a state based on a variety of school quality indicators and provides a helpful picture of how effectively each school serves all of its students. Ratings are on a scale of 1 (below average) to 10 (above average) and can include test scores, college readiness, academic progress, advanced courses, equity, discipline and attendance data. We also advise parents to visit schools, consider other information on school performance and programs, and consider family needs as part of the school selection process.","(33.753689, -84.420685)",320176.58
5,30,30314,1308879,A1301003,,Bright Futures Academy,"Bright Futures Academy, a private school located in Atlanta, GA, serves grades 6-12 in the .",private,"m,h","6,7,8,9,10,11,12",1300 Joseph E. Boone Boulevard Northwest,Atlanta,GA,13121,(404) 963-6804,,Fulton County,33.762287,-84.429901,,0,,https://www.greatschools.org/georgia/atlanta/8879-Bright-Futures-Academy/,,,"The GreatSchools Rating helps parents compare schools within a state based on a variety of school quality indicators and provides a helpful picture of how effectively each school serves all of its students. Ratings are on a scale of 1 (below average) to 10 (above average) and can include test scores, college readiness, academic progress, advanced courses, equity, discipline and attendance data. We also advise parents to visit schools, consider other information on school performance and programs, and consider family needs as part of the school selection process.","(33.762287, -84.429901)",320176.58
6,34,30310,1302952,A9501477,,Heavenly Institute Of Learning,"Heavenly Institute Of Learning, a private school located in Atlanta, GA, serves grades 3-10 in the .",private,"e,m,h","3,4,5,6,7,8,9,10",Po Box 11307,Atlanta,GA,13121,(404) 753-5297,,Fulton,33.732189,-84.422516,,0,,https://www.greatschools.org/georgia/atlanta/2952-Heavenly-Institute-Of-Learning/,,,"The GreatSchools Rating helps parents compare schools within a state based on a variety of school quality indicators and provides a helpful picture of how effectively each school serves all of its students. Ratings are on a scale of 1 (below average) to 10 (above average) and can include test scores, college readiness, academic progress, advanced courses, equity, discipline and attendance data. We also advise parents to visit schools, consider other information on school performance and programs, and consider family needs as part of the school selection process.","(33.732189, -84.422516)",363522.58
7,43,30310,1309012,A1301111,,Tamu S. Kanyama Prep Academy,"Tamu S. Kanyama Prep Academy, a private school located in Atlanta, GA, serves grades 9-11 in the .",private,h,"9,10,11",967 Dewey Street Southwest,Atlanta,GA,13121,(404) 669-6884,,Fulton County,33.728687,-84.407623,,0,,https://www.greatschools.org/georgia/atlanta/9012-Tamu-S.-Kanyama-Prep-Academy/,,,"The GreatSchools Rating helps parents compare schools within a state based on a variety of school quality indicators and provides a helpful picture of how effectively each school serves all of its students. Ratings are on a scale of 1 (below average) to 10 (above average) and can include test scores, college readiness, academic progress, advanced courses, equity, discipline and attendance data. We also advise parents to visit schools, consider other information on school performance and programs, and consider family needs as part of the school selection process.","(33.728687, -84.407623)",363522.58
8,47,30306,1302149,A9302969,,Laurel Heights Academy (Hospital),"Laurel Heights Academy (Hospital), a private school located in Atlanta, GA, serves grades 2-11 in the .",private,"e,m,h","2,3,4,5,6,7,8,9,10,11",934 Briarcliff Road Northeast,Atlanta,GA,13089,(404) 888-7895,,DeKalb,33.780273,-84.345589,,0,,https://www.greatschools.org/georgia/atlanta/2149-Laurel-Heights-Academy-Hospital/,,,"The GreatSchools Rating helps parents compare schools within a state based on a variety of school quality indicators and provides a helpful picture of how effectively each school serves all of its students. Ratings are on a scale of 1 (below average) to 10 (above average) and can include test scores, college readiness, academic progress, advanced courses, equity, discipline and attendance data. We also advise parents to visit schools, consider other information on school performance and programs, and consider family needs as part of the school selection process.","(33.780273, -84.345589)",1033885.5
9,50,30306,1303763,130174003613,6440707.0,Uhs Of Laurel Heights,"Uhs Of Laurel Heights, a public school located in Atlanta, GA, serves grades 1-3, 6-12 in the Dekalb County School District.",public,"e,m,h","1,2,3,6,7,8,9,10,11,12",934 Briarcliff Road Northeast,Atlanta,GA,13089,(404) 888-7876,,Dekalb County,33.780067,-84.345291,Dekalb County School District,55,,https://www.greatschools.org/georgia/atlanta/3763-UHS-Of-Laurel-Heights/,,,"The GreatSchools Rating helps parents compare schools within a state based on a variety of school quality indicators and provides a helpful picture of how effectively each school serves all of its students. Ratings are on a scale of 1 (below average) to 10 (above average) and can include test scores, college readiness, academic progress, advanced courses, equity, discipline and attendance data. We also advise parents to visit schools, consider other information on school performance and programs, and consider family needs as part of the school selection process.","(33.780067, -84.345291)",1033885.5
10,51,30306,1303769,130012003660,7610207.0,Hillside Conant School,"Hillside Conant School, a public school located in Atlanta, GA, serves grades 1-12 in the Atlanta Public Schools.",public,"e,m,h","1,2,3,4,5,6,7,8,9,10,11,12",690 Courtenay Drive Northeast,Atlanta,GA,13121,(404) 875-4551,,Fulton County,33.790104,-84.364876,Atlanta Public Schools,4,,https://www.greatschools.org/georgia/atlanta/3769-Hillside-Conant-School/,,2020.0,"The GreatSchools Rating helps parents compare schools within a state based on a variety of school quality indicators and provides a helpful picture of how effectively each school serves all of its students. Ratings are on a scale of 1 (below average) to 10 (above average) and can include test scores, college readiness, academic progress, advanced courses, equity, discipline and attendance data. We also advise parents to visit schools, consider other information on school performance and programs, and consider family needs as part of the school selection process.","(33.790104, -84.364876)",1033885.5
11,56,30309,1300061,130012000066,7614560.0,Midtown High School,"Midtown High School, a public school located in Atlanta, GA, serves grades 9-12 in the Atlanta Public Schools.It has received a GreatSchools Rating of 7 out of 10, based on a variety of school quality measures.",public,h,"9,10,11,12",929 Charles Allen Drive Northeast,Atlanta,GA,13121,(404) 802-3001,(404) 853-4099,Fulton County,33.780567,-84.372711,Atlanta Public Schools,4,http://www.gradyhighschool.org/,https://www.greatschools.org/georgia/atlanta/61-Grady-High-School/,7.0,2022.0,"The GreatSchools Rating helps parents compare schools within a state based on a variety of school quality indicators and provides a helpful picture of how effectively each school serves all of its students. Ratings are on a scale of 1 (below average) to 10 (above average) and can include test scores, college readiness, academic progress, advanced courses, equity, discipline and attendance data. We also advise parents to visit schools, consider other information on school performance and programs, and consider family needs as part of the school selection process.","(33.780567, -84.372711)",951724.0
12,59,30307,1301910,00297237,,Paideia School,"Paideia School, a private school located in Atlanta, GA, serves grades PK-12 in the .",private,"p,e,m,h","PK,TK,KG,1,2,3,4,5,6,7,8,9,10,11,12",1509 Ponce De Leon Avenue Northeast,Atlanta,GA,13089,(404) 270-2307,,Dekalb County,33.773182,-84.337914,,0,http://www.paideiaschool.org,https://www.greatschools.org/georgia/atlanta/1910-Paideia-School/,,,"The GreatSchools Rating helps parents compare schools within a state based on a variety of school quality indicators and provides a helpful picture of how effectively each school serves all of its students. Ratings are on a scale of 1 (below average) to 10 (above average) and can include test scores, college readiness, academic progress, advanced courses, equity, discipline and attendance data. We also advise parents to visit schools, consider other information on school performance and programs, and consider family needs as part of the school selection process.","(33.773182, -84.337914)",766139.5
13,60,30307,1302042,02021991,,Horizons School,"Horizons School, a private school located in Atlanta, GA, serves grades K-12 in the .",private,"e,m,h","KG,1,2,3,4,5,6,7,8,9,10,11,12",1900 Dekalb Ave NE,Atlanta,GA,13121,(404) 378-2219,,Fulton,33.761005,-84.324791,,0,,https://www.greatschools.org/georgia/atlanta/2042-Horizons-School/,,,"The GreatSchools Rating helps parents compare schools within a state based on a variety of school quality indicators and provides a helpful picture of how effectively each school serves all of its students. Ratings are on a scale of 1 (below average) to 10 (above average) and can include test scores, college readiness, academic progress, advanced courses, equity, discipline and attendance data. We also advise parents to visit schools, consider other information on school performance and programs, and consider family needs as part of the school selection process.","(33.761005, -84.324791)",766139.5
14,62,30307,1306957,,,The New School,"The New School, a private school located in Atlanta, GA, serves grades 9-12 in the .",private,h,"9,10,11,12",655 Memorial Drive SE,Atlanta,GA,13121,(404) 500-9753,,Fulton,33.756809,-84.354485,,0,tnsatlanta.org,https://www.greatschools.org/georgia/atlanta/6957-The-New-School/,,,"The GreatSchools Rating helps parents compare schools within a state based on a variety of school quality indicators and provides a helpful picture of how effectively each school serves all of its students. Ratings are on a scale of 1 (below average) to 10 (above average) and can include test scores, college readiness, academic progress, advanced courses, equity, discipline and attendance data. We also advise parents to visit schools, consider other information on school performance and programs, and consider family needs as part of the school selection process.","(33.756809, -84.354485)",766139.5
15,64,30307,1300720,130174000665,6442055.0,Druid Hills High School,"Druid Hills High School, a public school located in Atlanta, GA, serves grades 9-12 in the Dekalb County School District.It has received a GreatSchools Rating of 6 out of 10, based on a variety of school quality measures.",public,h,"9,10,11,12",1798 Haygood Drive Northeast,Atlanta,GA,13089,(678) 874-6302,(678) 874-6310,Dekalb County,33.793098,-84.315834,Dekalb County School District,55,http://www.dekalb.k12.ga.us/druidhills,https://www.greatschools.org/georgia/atlanta/720-Druid-Hills-High-School/,6.0,2022.0,"The GreatSchools Rating helps parents compare schools within a state based on a variety of school quality indicators and provides a helpful picture of how effectively each school serves all of its students. Ratings are on a scale of 1 (below average) to 10 (above average) and can include test scores, college readiness, academic progress, advanced courses, equity, discipline and attendance data. We also advise parents to visit schools, consider other information on school performance and programs, and consider family needs as part of the school selection process.","(33.793098, -84.315834)",766139.5
16,70,30315,1302653,130012002798,7610403.0,Aps-Forrest Hills Academey,"Aps-Forrest Hills Academey, a public school located in Atlanta, GA, serves grades 6-12 in the Atlanta Public Schools.",public,"m,h","6,7,8,9,10,11,12",2930 Forrest Hills Drive Southwest,Atlanta,GA,13121,(404) 591-7275,(404) 792-5998,Fulton County,33.675117,-84.398468,Atlanta Public Schools,4,,https://www.greatschools.org/georgia/atlanta/2653-Aps-Forrest-Hills-Academey/,,,"The GreatSchools Rating helps parents compare schools within a state based on a variety of school quality indicators and provides a helpful picture of how effectively each school serves all of its students. Ratings are on a scale of 1 (below average) to 10 (above average) and can include test scores, college readiness, academic progress, advanced courses, equity, discipline and attendance data. We also advise parents to visit schools, consider other information on school performance and programs, and consider family needs as part of the school selection process.","(33.675117, -84.398468)",287388.17
17,72,30315,1303640,130012003540,7610106.0,Early College High School At Carver,"Early College High School At Carver, a public school located in Atlanta, GA, serves grades 9-12 in the Atlanta Public Schools.It has received a GreatSchools Rating of 7 out of 10, based on a variety of school quality measures.",public,h,"9,10,11,12",55 McDonough Boulevard Southeast,Atlanta,GA,13121,(404) 802-4405,,Fulton County,33.720566,-84.387085,Atlanta Public Schools,4,,https://www.greatschools.org/georgia/atlanta/3640-Early-College-High-School-At-Carver/,7.0,2022.0,"The GreatSchools Rating helps parents compare schools within a state based on a variety of school quality indicators and provides a helpful picture of how effectively each school serves all of its students. Ratings are on a scale of 1 (below average) to 10 (above average) and can include test scores, college readiness, academic progress, advanced courses, equity, discipline and attendance data. We also advise parents to visit schools, consider other information on school performance and programs, and consider family needs as part of the school selection process.","(33.720566, -84.387085)",287388.17
18,73,30315,1303699,130012003542,7610306.0,School Of Technology At Carver,"School Of Technology At Carver, a public school located in Atlanta, GA, serves grades 10-12 in the Atlanta Public Schools.",public,h,"10,11,12",55 McDonough Boulevard Southeast,Atlanta,GA,13121,(404) 802-4410,,Fulton,33.720566,-84.387085,Atlanta Public Schools,4,http://www.schooloftechnology.org/,https://www.greatschools.org/georgia/atlanta/3699-School-Of-Technology-At-Carver/,,,"The GreatSchools Rating helps parents compare schools within a state based on a variety of school quality indicators and provides a helpful picture of how effectively each school serves all of its students. Ratings are on a scale of 1 (below average) to 10 (above average) and can include test scores, college readiness, academic progress, advanced courses, equity, discipline and attendance data. We also advise parents to visit schools, consider other information on school performance and programs, and consider family needs as part of the school selection process.","(33.720566, -84.387085)",287388.17
19,84,30315,1308741,130012004223,7611413.0,Carver High School,"Carver High School, a public school located in Atlanta, GA, serves grades 9-12 in the Atlanta Public Schools.It has received a GreatSchools Rating of 2 out of 10, based on a variety of school quality measures.",public,h,"9,10,11,12",55 McDonough Boulevard Southeast,Atlanta,GA,13121,(404) 802-4415,,Fulton County,33.720566,-84.387085,Atlanta Public Schools,4,,https://www.greatschools.org/georgia/atlanta/8741-Carver-High-School/,2.0,2022.0,"The GreatSchools Rating helps parents compare schools within a state based on a variety of school quality indicators and provides a helpful picture of how effectively each school serves all of its students. Ratings are on a scale of 1 (below average) to 10 (above average) and can include test scores, college readiness, academic progress, advanced courses, equity, discipline and attendance data. We also advise parents to visit schools, consider other information on school performance and programs, and consider family needs as part of the school selection process.","(33.720566, -84.387085)",287388.17
20,87,30316,1300120,130012001939,7610186.0,Maynard H. Jackson- Jr. High School,"Maynard H. Jackson- Jr. High School, a public school located in Atlanta, GA, serves grades 9-12 in the Atlanta Public Schools.It has received a GreatSchools Rating of 5 out of 10, based on a variety of school quality measures.",public,h,"9,10,11,12",801 Glenwood Avenue Southeast,Atlanta,GA,13121,(404) 802-5200,(404) 624-2111,Fulton County,33.739578,-84.361771,Atlanta Public Schools,4,http://www.atlanta.k12.ga.us/Domain/3508,https://www.greatschools.org/georgia/atlanta/120-Maynard-H.-Jackson--Jr.-High-School/,5.0,2022.0,"The GreatSchools Rating helps parents compare schools within a state based on a variety of school quality indicators and provides a helpful picture of how effectively each school serves all of its students. Ratings are on a scale of 1 (below average) to 10 (above average) and can include test scores, college readiness, academic progress, advanced courses, equity, discipline and attendance data. We also advise parents to visit schools, consider other information on school performance and programs, and consider family needs as part of the school selection process.","(33.739578, -84.361771)",442251.5
21,89,30316,1302044,02022044,,Mohammed Schools Of Atlanta,"Mohammed Schools Of Atlanta, a private school located in Atlanta, GA, serves grades PK-12 in the .",private,"p,e,m,h","PK,TK,KG,1,2,3,4,5,6,7,8,9,10,11,12",735 Fayetteville Road Southeast,Atlanta,GA,13089,(404) 378-4219,,Dekalb County,33.736923,-84.315292,,0,http://mohammedschools.org/,https://www.greatschools.org/georgia/atlanta/2044-Mohammed-Schools-Of-Atlanta/,,,"The GreatSchools Rating helps parents compare schools within a state based on a variety of school quality indicators and provides a helpful picture of how effectively each school serves all of its students. Ratings are on a scale of 1 (below average) to 10 (above average) and can include test scores, college readiness, academic progress, advanced courses, equity, discipline and attendance data. We also advise parents to visit schools, consider other information on school performance and programs, and consider family needs as part of the school selection process.","(33.736923, -84.315292)",442251.5
22,92,30316,1302970,A0102960,,Clara Mohammed Elementary/W. D,"Clara Mohammed Elementary/W. D, a private school located in Atlanta, GA, serves grades PK-12 in the .",private,"p,e,m,h","PK,KG,1,2,3,4,5,6,7,8,9,10,11,12",735 Fayetteville Road SE,Atlanta,GA,13089,(404) 378-4219,,DeKalb,33.736099,-84.313904,,0,,https://www.greatschools.org/georgia/atlanta/2970-Clara-Mohammed-Elementary-W.-D/,,,"The GreatSchools Rating helps parents compare schools within a state based on a variety of school quality indicators and provides a helpful picture of how effectively each school serves all of its students. Ratings are on a scale of 1 (below average) to 10 (above average) and can include test scores, college readiness, academic progress, advanced courses, equity, discipline and attendance data. We also advise parents to visit schools, consider other information on school performance and programs, and consider family needs as part of the school selection process.","(33.736099, -84.313904)",442251.5
23,93,30316,1303606,A9901505,,Light of the World of Atlanta,"Light of the World of Atlanta, a private school located in Atlanta, GA, serves grades K-12 in the .",private,"e,m,h","KG,1,2,3,4,5,6,7,8,9,10,11,12",542 Moreland Avenue Southeast,Atlanta,GA,13089,(404) 635-1199,,Dekalb County,33.739594,-84.348824,,0,,https://www.greatschools.org/georgia/atlanta/3606-Light-Of-The-World-Of-Atlanta/,,,"The GreatSchools Rating helps parents compare schools within a state based on a variety of school quality indicators and provides a helpful picture of how effectively each school serves all of its students. Ratings are on a scale of 1 (below average) to 10 (above average) and can include test scores, college readiness, academic progress, advanced courses, equity, discipline and attendance data. We also advise parents to visit schools, consider other information on school performance and programs, and consider family needs as part of the school selection process.","(33.739594, -84.348824)",442251.5
24,96,30316,1306883,A0992025,,Braddy Preparatory Academy,"Braddy Preparatory Academy, a private school located in Atlanta, GA, serves grades 3-12 in the .",private,"e,m,h","3,4,5,6,7,8,9,10,11,12",542 Moreland Avenue Southeast,Atlanta,GA,13089,(404) 622-0506,,DeKalb,33.739666,-84.348495,,0,http://www.braddyprepacademy.org/,https://www.greatschools.org/georgia/atlanta/6883-Braddy-Preparatory-Academy/,,,"The GreatSchools Rating helps parents compare schools within a state based on a variety of school quality indicators and provides a helpful picture of how effectively each school serves all of its students. Ratings are on a scale of 1 (below average) to 10 (above average) and can include test scores, college readiness, academic progress, advanced courses, equity, discipline and attendance data. We also advise parents to visit schools, consider other information on school performance and programs, and consider family needs as part of the school selection process.","(33.739666, -84.348495)",442251.5
25,98,30316,1300762,130174000712,6443070.0,Mcnair High School,"Mcnair High School, a public school located in Atlanta, GA, serves grades 9-12 in the Dekalb County School District.It has received a GreatSchools Rating of 2 out of 10, based on a variety of school quality measures.",public,h,"9,10,11,12",1804 Bouldercrest Road,Atlanta,GA,13089,(678) 874-4902,(678) 874-4910,Dekalb County,33.703907,-84.325111,Dekalb County School District,55,,https://www.greatschools.org/georgia/atlanta/762-Mcnair-High-School/,2.0,2022.0,"The GreatSchools Rating helps parents compare schools within a state based on a variety of school quality indicators and provides a helpful picture of how effectively each school serves all of its students. Ratings are on a scale of 1 (below average) to 10 (above average) and can include test scores, college readiness, academic progress, advanced courses, equity, discipline and attendance data. We also advise parents to visit schools, consider other information on school performance and programs, and consider family needs as part of the school selection process.","(33.703907, -84.325111)",442251.5
26,102,30318,1301961,00298398,,The Howard School,"The Howard School, a private school located in Atlanta, GA, serves grades K-12 in the .",private,"e,m,h","KG,1,2,3,4,5,6,7,8,9,10,11,12",1192 Foster Street Northwest,Atlanta,GA,13121,(404) 377-7436,(404) 377-0884,Fulton County,33.787216,-84.417351,,0,http://www.howardschool.org/,https://www.greatschools.org/georgia/atlanta/1961-The-Howard-School/,,,"The GreatSchools Rating helps parents compare schools within a state based on a variety of school quality indicators and provides a helpful picture of how effectively each school serves all of its students. Ratings are on a scale of 1 (below average) to 10 (above average) and can include test scores, college readiness, academic progress, advanced courses, equity, discipline and attendance data. We also advise parents to visit schools, consider other information on school performance and programs, and consider family needs as part of the school selection process.","(33.787216, -84.417351)",395594.08
27,103,30318,1302136,A9300319,,Dar Un-Noor School,"Dar Un-Noor School, a private school located in Atlanta, GA, serves grades PK-12 in the .",private,"p,e,m,h","PK,TK,KG,1,2,3,4,5,6,7,8,9,10,11,12",434 14th Street Northwest,Atlanta,GA,13121,(404) 876-5051,,Fulton County,33.785286,-84.401428,,0,,https://www.greatschools.org/georgia/atlanta/2136-Dar-Un-Noor-School/,,,"The GreatSchools Rating helps parents compare schools within a state based on a variety of school quality indicators and provides a helpful picture of how effectively each school serves all of its students. Ratings are on a scale of 1 (below average) to 10 (above average) and can include test scores, college readiness, academic progress, advanced courses, equity, discipline and attendance data. We also advise parents to visit schools, consider other information on school performance and programs, and consider family needs as part of the school selection process.","(33.785286, -84.401428)",395594.08
28,105,30318,1302985,A0102895,,Greater Atlanta Adventist Academy,"Greater Atlanta Adventist Academy, a private school located in Atlanta, GA, serves grades 9-12 in the .",private,h,"9,10,11,12",401 Hamilton E Holmes Drive Northwest,Atlanta,GA,13121,(404) 799-0337,,Fulton County,33.766064,-84.469193,,0,,https://www.greatschools.org/georgia/atlanta/2985-Greater-Atlanta-Adventist-Academy/,,,"The GreatSchools Rating helps parents compare schools within a state based on a variety of school quality indicators and provides a helpful picture of how effectively each school serves all of its students. Ratings are on a scale of 1 (below average) to 10 (above average) and can include test scores, college readiness, academic progress, advanced courses, equity, discipline and attendance data. We also advise parents to visit schools, consider other information on school performance and programs, and consider family needs as part of the school selection process.","(33.766064, -84.469193)",395594.08
29,109,30318,1303842,130012003558,7611411.0,The B.E.S.T. Academy,"The B.E.S.T. Academy, a public school located in Atlanta, GA, serves grades 6-12 in the Atlanta Public Schools.It has received a GreatSchools Rating of 5 out of 10, based on a variety of school quality measures.",public,"m,h","6,7,8,9,10,11,12",1190 Northwest Drive Northwest,Atlanta,GA,13121,(404) 802-4900,,Fulton County,33.788624,-84.479691,Atlanta Public Schools,4,,https://www.greatschools.org/georgia/atlanta/3842-The-B.E.S.T.-Academy/,5.0,2022.0,"The GreatSchools Rating helps parents compare schools within a state based on a variety of school quality indicators and provides a helpful picture of how effectively each school serves all of its students. Ratings are on a scale of 1 (below average) to 10 (above average) and can include test scores, college readiness, academic progress, advanced courses, equity, discipline and attendance data. We also advise parents to visit schools, consider other information on school performance and programs, and consider family needs as part of the school selection process.","(33.788624, -84.479691)",395594.08
30,112,30318,1300075,130012000089,7614058.0,Douglass High School,"Douglass High School, a public school located in Atlanta, GA, serves grades 9-12 in the Atlanta Public Schools.It has received a GreatSchools Rating of 2 out of 10, based on a variety of school quality measures.",public,h,"9,10,11,12",225 Hamilton E Holmes Drive Northwest,Atlanta,GA,13121,(404) 802-3100,(404) 792-5736,Fulton County,33.761143,-84.469513,Atlanta Public Schools,4,,https://www.greatschools.org/georgia/atlanta/75-Douglass-High-School/,2.0,2022.0,"The GreatSchools Rating helps parents compare schools within a state based on a variety of school quality indicators and provides a helpful picture of how effectively each school serves all of its students. Ratings are on a scale of 1 (below average) to 10 (above average) and can include test scores, college readiness, academic progress, advanced courses, equity, discipline and attendance data. We also advise parents to visit schools, consider other information on school performance and programs, and consider family needs as part of the school selection process.","(33.761143, -84.469513)",395594.08
31,115,30318,1308697,130012003980,7611410.0,Corretta Scott King Womens' Leadership Academy,"Corretta Scott King Womens' Leadership Academy, a public school located in Atlanta, GA, serves grades 6-12 in the Atlanta Public Schools.It has received a GreatSchools Rating of 6 out of 10, based on a variety of school quality measures.",public,"m,h","6,7,8,9,10,11,12",1190 Northwest Drive Northwest,Atlanta,GA,13121,(404) 802-4900,,Fulton County,33.788624,-84.479691,Atlanta Public Schools,4,,https://www.greatschools.org/georgia/atlanta/8697-Corretta-Scott-King-Womens-Leadership-Academy/,6.0,2022.0,"The GreatSchools Rating helps parents compare schools within a state based on a variety of school quality indicators and provides a helpful picture of how effectively each school serves all of its students. Ratings are on a scale of 1 (below average) to 10 (above average) and can include test scores, college readiness, academic progress, advanced courses, equity, discipline and attendance data. We also advise parents to visit schools, consider other information on school performance and programs, and consider family needs as part of the school selection process.","(33.788624, -84.479691)",395594.08
32,118,30318,1309025,A1501331,,The Howard School,"The Howard School, a private school located in Atlanta, GA, serves grades K-12 in the .",private,"e,m,h","KG,1,2,3,4,5,6,7,8,9,10,11,12",1192 Foster Street Northwest,Atlanta,GA,13121,,,Fulton County,33.787216,-84.417351,,0,,https://www.greatschools.org/georgia/atlanta/9025-The-Howard-School/,,,"The GreatSchools Rating helps parents compare schools within a state based on a variety of school quality indicators and provides a helpful picture of how effectively each school serves all of its students. Ratings are on a scale of 1 (below average) to 10 (above average) and can include test scores, college readiness, academic progress, advanced courses, equity, discipline and attendance data. We also advise parents to visit schools, consider other information on school performance and programs, and consider family needs as part of the school selection process.","(33.787216, -84.417351)",395594.08
33,125,30317,1308638,130012004161,7610515.0,Charles Drew Charter School Ja/Sa,"Charles Drew Charter School Ja/Sa, a charter school located in Atlanta, GA, serves grades 6-12 in the Atlanta Public Schools.It has received a GreatSchools Rating of 7 out of 10, based on a variety of school quality measures.",charter,"m,h","6,7,8,9,10,11,12",300 East Lake Boulevard Southeast,Atlanta,GA,13089,(404) 687-0001,,Dekalb County,33.74271,-84.315437,Atlanta Public Schools,4,,https://www.greatschools.org/georgia/atlanta/8638-Charles-Drew-Charter-School-Ja-Sa/,7.0,2022.0,"The GreatSchools Rating helps parents compare schools within a state based on a variety of school quality indicators and provides a helpful picture of how effectively each school serves all of its students. Ratings are on a scale of 1 (below average) to 10 (above average) and can include test scores, college readiness, academic progress, advanced courses, equity, discipline and attendance data. We also advise parents to visit schools, consider other information on school performance and programs, and consider family needs as part of the school selection process.","(33.74271, -84.315437)",572913.92
34,126,30317,1300096,130012000120,7612664.0,Crim High School,"Crim High School, a public school located in Atlanta, GA, serves grades 9-12 in the Atlanta Public Schools.",public,h,"9,10,11,12",256 Clifton Street Southeast,Atlanta,GA,13089,(404) 802-5800,(404) 371-4889,Dekalb County,33.745178,-84.331116,Atlanta Public Schools,4,,https://www.greatschools.org/georgia/atlanta/96-Crim-High-School/,,,"The GreatSchools Rating helps parents compare schools within a state based on a variety of school quality indicators and provides a helpful picture of how effectively each school serves all of its students. Ratings are on a scale of 1 (below average) to 10 (above average) and can include test scores, college readiness, academic progress, advanced courses, equity, discipline and attendance data. We also advise parents to visit schools, consider other information on school performance and programs, and consider family needs as part of the school selection process.","(33.745178, -84.331116)",572913.92
35,127,30324,1303535,A0301218,,Heritage Preparatory School,"Heritage Preparatory School, a private school located in Atlanta, GA, serves grades PK-10 in the .",private,"p,e,m,h","PK,KG,1,2,3,4,5,6,7,8,9,10",1700 Piedmont Avenue Northeast,Atlanta,GA,13121,(404) 815-7711,,Fulton County,33.80143,-84.367943,,0,http://www.heritageprep.org/,https://www.greatschools.org/georgia/atlanta/3535-Heritage-Preparatory-School/,,,"The GreatSchools Rating helps parents compare schools within a state based on a variety of school quality indicators and provides a helpful picture of how effectively each school serves all of its students. Ratings are on a scale of 1 (below average) to 10 (above average) and can include test scores, college readiness, academic progress, advanced courses, equity, discipline and attendance data. We also advise parents to visit schools, consider other information on school performance and programs, and consider family needs as part of the school selection process.","(33.80143, -84.367943)",712703.58
36,129,30324,1306741,A1390145,,"Midtown International School, Inc.","Midtown International School, Inc., a private school located in Atlanta, GA, serves grades K-12 in the .",private,"e,m,h","KG,1,2,3,4,5,6,7,8,9,10,11,12",1575 Sheridan Road Northeast,Atlanta,GA,13089,(404) 542-7003,(404) 935-0530,Dekalb County,33.824368,-84.335556,,0,http://www.midtowninternationalschool.com,https://www.greatschools.org/georgia/atlanta/6741-Midtown-International-School-Inc./,,,"The GreatSchools Rating helps parents compare schools within a state based on a variety of school quality indicators and provides a helpful picture of how effectively each school serves all of its students. Ratings are on a scale of 1 (below average) to 10 (above average) and can include test scores, college readiness, academic progress, advanced courses, equity, discipline and attendance data. We also advise parents to visit schools, consider other information on school performance and programs, and consider family needs as part of the school selection process.","(33.824368, -84.335556)",712703.58
37,140,30311,1300063,130012004215,7611409.0,Therrell High School,"Therrell High School, a public school located in Atlanta, GA, serves grades 9-12 in the Atlanta Public Schools.It has received a GreatSchools Rating of 4 out of 10, based on a variety of school quality measures.",public,h,"9,10,11,12",3099 Panther Trail Southwest,Atlanta,GA,13121,(404) 802-5300,(404) 346-3097,Fulton County,33.699608,-84.48896,Atlanta Public Schools,4,http://www.apskids.org/therrell/,https://www.greatschools.org/georgia/atlanta/63-Therrell-High-School/,4.0,2022.0,"The GreatSchools Rating helps parents compare schools within a state based on a variety of school quality indicators and provides a helpful picture of how effectively each school serves all of its students. Ratings are on a scale of 1 (below average) to 10 (above average) and can include test scores, college readiness, academic progress, advanced courses, equity, discipline and attendance data. We also advise parents to visit schools, consider other information on school performance and programs, and consider family needs as part of the school selection process.","(33.699608, -84.48896)",330709.5
38,141,30311,1306602,,,Black Star Educational Institute,"Black Star Educational Institute, a private school located in Atlanta, GA, serves grades K-12 in the .",private,"e,m,h","KG,1,2,3,4,5,6,7,8,9,10,11,12",2295 Benjamin E Mays Dr SW,Atlanta,GA,13121,(404) 963-1713,(404) 963-7525,Fulton,33.723316,-84.463585,,0,http://www.theblackstar.org/index.html,https://www.greatschools.org/georgia/atlanta/6602-Black-Star-Educational-Institute/,,,"The GreatSchools Rating helps parents compare schools within a state based on a variety of school quality indicators and provides a helpful picture of how effectively each school serves all of its students. Ratings are on a scale of 1 (below average) to 10 (above average) and can include test scores, college readiness, academic progress, advanced courses, equity, discipline and attendance data. We also advise parents to visit schools, consider other information on school performance and programs, and consider family needs as part of the school selection process.","(33.723316, -84.463585)",330709.5
39,151,30344,1301034,130228002124,6600691.0,Tri-Cities High School,"Tri-Cities High School, a public school located in East Point, GA, serves grades 9-12 in the Fulton County School District.It has received a GreatSchools Rating of 3 out of 10, based on a variety of school quality measures.",public,h,"9,10,11,12",2575 Harris Street,East Point,GA,13121,(470) 254-8200,(404) 669-8158,Fulton County,33.684666,-84.436386,Fulton County School District,73,http://school.fultonschools.org/hs/tricities/Pages/,https://www.greatschools.org/georgia/east-point/1034-Tri-Cities-High-School/,3.0,2022.0,"The GreatSchools Rating helps parents compare schools within a state based on a variety of school quality indicators and provides a helpful picture of how effectively each school serves all of its students. Ratings are on a scale of 1 (below average) to 10 (above average) and can include test scores, college readiness, academic progress, advanced courses, equity, discipline and attendance data. We also advise parents to visit schools, consider other information on school performance and programs, and consider family needs as part of the school selection process.","(33.684666, -84.436386)",281530.25
40,152,30344,1301948,00298048,,Pathway Christian School,"Pathway Christian School, a private school located in East Point, GA, serves grades PK-12 in the .",private,"p,e,m,h","PK,KG,1,2,3,4,5,6,7,8,9,10,11,12",1706 Washington Ave,East Point,GA,13121,(404) 763-3216,,Fulton,33.675228,-84.444496,,0,,https://www.greatschools.org/georgia/east-point/1948-Pathway-Christian-School/,,,"The GreatSchools Rating helps parents compare schools within a state based on a variety of school quality indicators and provides a helpful picture of how effectively each school serves all of its students. Ratings are on a scale of 1 (below average) to 10 (above average) and can include test scores, college readiness, academic progress, advanced courses, equity, discipline and attendance data. We also advise parents to visit schools, consider other information on school performance and programs, and consider family needs as part of the school selection process.","(33.675228, -84.444496)",281530.25
41,160,30344,1304033,,,Cameron Academy,"Cameron Academy, a private school located in East Point, GA, serves grades PK-12 & Ungraded in the .",private,"p,e,m,h","PK,KG,1,2,3,4,5,6,7,8,9,10,11,12,UG",1312 Knotts Ave.,East Point,GA,13121,(404) 281-3667,,Fulton,33.69701,-84.431267,,0,http://www.cameronacademy.org/index.html,https://www.greatschools.org/georgia/east-point/4033-Cameron-Academy/,,,"The GreatSchools Rating helps parents compare schools within a state based on a variety of school quality indicators and provides a helpful picture of how effectively each school serves all of its students. Ratings are on a scale of 1 (below average) to 10 (above average) and can include test scores, college readiness, academic progress, advanced courses, equity, discipline and attendance data. We also advise parents to visit schools, consider other information on school performance and programs, and consider family needs as part of the school selection process.","(33.69701, -84.431267)",281530.25
42,162,30344,1306444,130021703961,78303100310.0,Fulton Leadership Academy,"Fulton Leadership Academy, a charter school located in East Point, GA, serves grades 6-12 in the Commission Charter Schools- Fulton Leadership Academy School District.It has received a GreatSchools Rating of 3 out of 10, based on a variety of school quality measures.",charter,"m,h","6,7,8,9,10,11,12",2575 Dodson Drive,East Point,GA,13121,(404) 472-3529,,Fulton County,33.685265,-84.476036,Commission Charter Schools- Fulton Leadership Academy School District,219,http://www.fultonleadershipacademy.org,https://www.greatschools.org/georgia/east-point/6444-Fulton-Leadership-Academy/,3.0,2022.0,"The GreatSchools Rating helps parents compare schools within a state based on a variety of school quality indicators and provides a helpful picture of how effectively each school serves all of its students. Ratings are on a scale of 1 (below average) to 10 (above average) and can include test scores, college readiness, academic progress, advanced courses, equity, discipline and attendance data. We also advise parents to visit schools, consider other information on school performance and programs, and consider family needs as part of the school selection process.","(33.685265, -84.476036)",281530.25
43,165,30344,1308340,A1100817,,Cornerstone Community Services Learning Academy,"Cornerstone Community Services Learning Academy, a private school located in Atlanta, GA, serves grades Ungraded in the .",private,"e,m,h",UG,777 Cleveland Avenue Southwest,Atlanta,GA,13121,(404) 767-0222,,Fulton,33.681713,-84.414864,,0,,https://www.greatschools.org/georgia/atlanta/8340-Cornerstone-Community-Services-Learning-Academy/,,,"The GreatSchools Rating helps parents compare schools within a state based on a variety of school quality indicators and provides a helpful picture of how effectively each school serves all of its students. Ratings are on a scale of 1 (below average) to 10 (above average) and can include test scores, college readiness, academic progress, advanced courses, equity, discipline and attendance data. We also advise parents to visit schools, consider other information on school performance and programs, and consider family needs as part of the school selection process.","(33.681713, -84.414864)",281530.25
44,174,30305,1302156,A9303093,,Atlanta International School,"Atlanta International School, a private school located in Atlanta, GA, serves grades PK-12 in the .",private,"p,e,m,h","PK,TK,KG,1,2,3,4,5,6,7,8,9,10,11,12",2890 North Fulton Drive Northeast,Atlanta,GA,13121,(404) 841-3840,(404) 841-3873,Fulton County,33.833084,-84.378807,,0,www.aischool.org,https://www.greatschools.org/georgia/atlanta/2156-Atlanta-International-School/,,,"The GreatSchools Rating helps parents compare schools within a state based on a variety of school quality indicators and provides a helpful picture of how effectively each school serves all of its students. Ratings are on a scale of 1 (below average) to 10 (above average) and can include test scores, college readiness, academic progress, advanced courses, equity, discipline and attendance data. We also advise parents to visit schools, consider other information on school performance and programs, and consider family needs as part of the school selection process.","(33.833084, -84.378807)",1154168.33
45,181,30305,1308627,130012004145,7610415.0,Atlanta Classical Academy,"Atlanta Classical Academy, a charter school located in Atlanta, GA, serves grades K-12 in the Atlanta Public Schools.It has received a GreatSchools Rating of 6 out of 10, based on a variety of school quality measures.",charter,"e,m,h","KG,1,2,3,4,5,6,7,8,9,10,11,12",3260 Northside Drive Northwest,Atlanta,GA,13121,(404) 369-3500,(404) 795-1049,Fulton County,33.843563,-84.407898,Atlanta Public Schools,4,http://www.atlantaclassical.org/,https://www.greatschools.org/georgia/atlanta/8627-Atlanta-Classical-Academy/,6.0,2022.0,"The GreatSchools Rating helps parents compare schools within a state based on a variety of school quality indicators and provides a helpful picture of how effectively each school serves all of its students. Ratings are on a scale of 1 (below average) to 10 (above average) and can include test scores, college readiness, academic progress, advanced courses, equity, discipline and attendance data. We also advise parents to visit schools, consider other information on school performance and programs, and consider family needs as part of the school selection process.","(33.843563, -84.407898)",1154168.33
46,189,30030,1306217,A0700688,,Academe of the Oaks,"Academe of the Oaks, a private school located in Decatur, GA, serves grades 9-12 in the .",private,h,"9,10,11,12",146 New Street,Decatur,GA,13089,(404) 405-2173,(404) 377-7178,Dekalb County,33.771698,-84.284317,,0,http://www.academeatlanta.org/,https://www.greatschools.org/georgia/decatur/6217-Academe-Of-The-Oaks/,,,"The GreatSchools Rating helps parents compare schools within a state based on a variety of school quality indicators and provides a helpful picture of how effectively each school serves all of its students. Ratings are on a scale of 1 (below average) to 10 (above average) and can include test scores, college readiness, academic progress, advanced courses, equity, discipline and attendance data. We also advise parents to visit schools, consider other information on school performance and programs, and consider family needs as part of the school selection process.","(33.771698, -84.284317)",677672.25
47,192,30030,1306662,,,So Much 2 Learn Home School,"So Much 2 Learn Home School, a private school located in Decatur, GA, serves grades K-12 in the .",private,"e,m,h","KG,1,2,3,4,5,6,7,8,9,10,11,12",430 E Ponce de Leon Ave,Decatur,GA,13089,(404) 370-7329,,DeKalb,33.775581,-84.290863,,0,http://www.somuch2learn.com,https://www.greatschools.org/georgia/decatur/6662-So-Much-2-Learn-Home-School/,,,"The GreatSchools Rating helps parents compare schools within a state based on a variety of school quality indicators and provides a helpful picture of how effectively each school serves all of its students. Ratings are on a scale of 1 (below average) to 10 (above average) and can include test scores, college readiness, academic progress, advanced courses, equity, discipline and attendance data. We also advise parents to visit schools, consider other information on school performance and programs, and consider family needs as part of the school selection process.","(33.775581, -84.290863)",677672.25
48,198,30030,1300682,130168000802,7733050.0,Decatur High School,"Decatur High School, a public school located in Decatur, GA, serves grades 9-12 in the Decatur City School District.It has received a GreatSchools Rating of 8 out of 10, based on a variety of school quality measures.",public,h,"9,10,11,12",310 North McDonough Street,Decatur,GA,13089,(404) 370-4420,(404) 370-4434,Dekalb County,33.77211,-84.297981,Decatur City School District,53,http://www.decatur-city.k12.ga.us,https://www.greatschools.org/georgia/decatur/682-Decatur-High-School/,8.0,2022.0,"The GreatSchools Rating helps parents compare schools within a state based on a variety of school quality indicators and provides a helpful picture of how effectively each school serves all of its students. Ratings are on a scale of 1 (below average) to 10 (above average) and can include test scores, college readiness, academic progress, advanced courses, equity, discipline and attendance data. We also advise parents to visit schools, consider other information on school performance and programs, and consider family needs as part of the school selection process.","(33.77211, -84.297981)",677672.25
49,209,30354,1303829,,,Assisted Learning Centers,"Assisted Learning Centers, a private school located in Hapeville, GA, serves grades 6-12 in the .",private,"m,h","6,7,8,9,10,11,12",4282B Old Dixie Highway,Hapeville,GA,13063,(404) 567-4081,,Clayton,33.637798,-84.390297,,0,http://assistedlearningcenters.com,https://www.greatschools.org/georgia/hapeville/3829-Assisted-Learning-Centers/,,,"The GreatSchools Rating helps parents compare schools within a state based on a variety of school quality indicators and provides a helpful picture of how effectively each school serves all of its students. Ratings are on a scale of 1 (below average) to 10 (above average) and can include test scores, college readiness, academic progress, advanced courses, equity, discipline and attendance data. We also advise parents to visit schools, consider other information on school performance and programs, and consider family needs as part of the school selection process.","(33.637798, -84.390297)",257599.25
50,211,30354,1308765,130012004240,7611412.0,South Atlanta High School,"South Atlanta High School, a public school located in Atlanta, GA, serves grades 9-12 in the Atlanta Public Schools.It has received a GreatSchools Rating of 4 out of 10, based on a variety of school quality measures.",public,h,"9,10,11,12",800 Hutchens Road Southeast,Atlanta,GA,13121,(404) 802-5050,,Fulton County,33.671005,-84.361679,Atlanta Public Schools,4,,https://www.greatschools.org/georgia/atlanta/8765-South-Atlanta-High-School/,4.0,2022.0,"The GreatSchools Rating helps parents compare schools within a state based on a variety of school quality indicators and provides a helpful picture of how effectively each school serves all of its students. Ratings are on a scale of 1 (below average) to 10 (above average) and can include test scores, college readiness, academic progress, advanced courses, equity, discipline and attendance data. We also advise parents to visit schools, consider other information on school performance and programs, and consider family needs as part of the school selection process.","(33.671005, -84.361679)",257599.25
51,214,30329,1302157,A9303095,,Ben Franklin Academy,"Ben Franklin Academy, a private school located in Atlanta, GA, serves grades 8-12 in the .",private,"m,h","8,9,10,11,12",1585 CLIFTON RD NE,Atlanta,GA,13089,(404) 633-7404,,DEKALB,33.828106,-84.327911,,0,www.benfranklinacademy.org,https://www.greatschools.org/georgia/atlanta/2157-Ben-Franklin-Academy/,,,"The GreatSchools Rating helps parents compare schools within a state based on a variety of school quality indicators and provides a helpful picture of how effectively each school serves all of its students. Ratings are on a scale of 1 (below average) to 10 (above average) and can include test scores, college readiness, academic progress, advanced courses, equity, discipline and attendance data. We also advise parents to visit schools, consider other information on school performance and programs, and consider family needs as part of the school selection process.","(33.828106, -84.327911)",570412.25
52,215,30329,1302271,A9701335,,Temima High School,"Temima High School, a private school located in Atlanta, GA, serves grades 9-12 in the .",private,h,"9,10,11,12",1839 Lavista Road Northeast,Atlanta,GA,13089,(404) 315-0507,,Dekalb County,33.816044,-84.326584,,0,,https://www.greatschools.org/georgia/atlanta/2271-Temima-High-School/,,,"The GreatSchools Rating helps parents compare schools within a state based on a variety of school quality indicators and provides a helpful picture of how effectively each school serves all of its students. Ratings are on a scale of 1 (below average) to 10 (above average) and can include test scores, college readiness, academic progress, advanced courses, equity, discipline and attendance data. We also advise parents to visit schools, consider other information on school performance and programs, and consider family needs as part of the school selection process.","(33.816044, -84.326584)",570412.25
53,218,30329,1303977,A0501472,,Yeshiva Ohr Yisrael Of Atlanta,"Yeshiva Ohr Yisrael Of Atlanta, a private school located in Atlanta, GA, serves grades 9-12 in the .",private,h,"9,10,11,12",1458 Holly Lane Northeast,Atlanta,GA,13089,(404) 320-1444,,Dekalb County,33.82373,-84.324501,,0,http://www.ohryisrael.org/,https://www.greatschools.org/georgia/atlanta/3977-Yeshiva-Ohr-Yisrael-Of-Atlanta/,,,"The GreatSchools Rating helps parents compare schools within a state based on a variety of school quality indicators and provides a helpful picture of how effectively each school serves all of its students. Ratings are on a scale of 1 (below average) to 10 (above average) and can include test scores, college readiness, academic progress, advanced courses, equity, discipline and attendance data. We also advise parents to visit schools, consider other information on school performance and programs, and consider family needs as part of the school selection process.","(33.82373, -84.324501)",570412.25
54,219,30329,1303978,A0501437,,Marcus Institute School,"Marcus Institute School, a private school located in Atlanta, GA, serves grades Ungraded in the .",private,"e,m,h",UG,1920 Briarcliff Rd,Atlanta,GA,13089,(404) 419-4459,,DeKalb,33.809185,-84.334396,,0,,https://www.greatschools.org/georgia/atlanta/3978-Marcus-Institute-School/,,,"The GreatSchools Rating helps parents compare schools within a state based on a variety of school quality indicators and provides a helpful picture of how effectively each school serves all of its students. Ratings are on a scale of 1 (below average) to 10 (above average) and can include test scores, college readiness, academic progress, advanced courses, equity, discipline and attendance data. We also advise parents to visit schools, consider other information on school performance and programs, and consider family needs as part of the school selection process.","(33.809185, -84.334396)",570412.25
55,221,30329,1306594,130174003868,6440510.0,Margaret Harris Comprehensive School,"Margaret Harris Comprehensive School, a public school located in Atlanta, GA, serves grades PK-12 in the Dekalb County School District.",public,"p,e,m,h","PK,KG,1,2,3,4,5,6,7,8,9,10,11,12",1634 Knob Hill Drive Northeast,Atlanta,GA,13089,(678) 874-7002,,Dekalb County,33.829346,-84.320862,Dekalb County School District,55,http://www.dekalb.k12.ga.us/margaretharris/,https://www.greatschools.org/georgia/atlanta/6594-Margaret-Harris-Comprehensive-School/,,,"The GreatSchools Rating helps parents compare schools within a state based on a variety of school quality indicators and provides a helpful picture of how effectively each school serves all of its students. Ratings are on a scale of 1 (below average) to 10 (above average) and can include test scores, college readiness, academic progress, advanced courses, equity, discipline and attendance data. We also advise parents to visit schools, consider other information on school performance and programs, and consider family needs as part of the school selection process.","(33.829346, -84.320862)",570412.25
56,227,30329,1308987,A1701364,,Rivers Academy   Atlanta,"Rivers Academy   Atlanta, a private school located in Atlanta, GA, serves grades 5-12 in the .",private,"e,m,h","5,6,7,8,9,10,11,12",1934 Cliff Valley Way Northeast,Atlanta,GA,13089,(404) 458-5160,,Dekalb County,33.835274,-84.324005,,0,,https://www.greatschools.org/georgia/atlanta/8987-Rivers-Academy---Atlanta/,,,"The GreatSchools Rating helps parents compare schools within a state based on a variety of school quality indicators and provides a helpful picture of how effectively each school serves all of its students. Ratings are on a scale of 1 (below average) to 10 (above average) and can include test scores, college readiness, academic progress, advanced courses, equity, discipline and attendance data. We also advise parents to visit schools, consider other information on school performance and programs, and consider family needs as part of the school selection process.","(33.835274, -84.324005)",570412.25
57,232,30032,1303546,A0301243,,Miller Preparatory Academy For,"Miller Preparatory Academy For, a private school located in Decatur, GA, serves grades 3-12 in the .",private,"e,m,h","3,4,5,6,7,8,9,10,11,12",2135 Shamrock Drive,Decatur,GA,13089,(770) 322-9097,,DeKalb,33.727501,-84.257797,,0,,https://www.greatschools.org/georgia/decatur/3546-Miller-Preparatory-Academy-For/,,,"The GreatSchools Rating helps parents compare schools within a state based on a variety of school quality indicators and provides a helpful picture of how effectively each school serves all of its students. Ratings are on a scale of 1 (below average) to 10 (above average) and can include test scores, college readiness, academic progress, advanced courses, equity, discipline and attendance data. We also advise parents to visit schools, consider other information on school performance and programs, and consider family needs as part of the school selection process.","(33.727501, -84.257797)",292484.17
58,235,30032,1303990,A0509227,,The Community School,"The Community School, a private school located in Decatur, GA, serves grades 7-12 in the .",private,"m,h","7,8,9,10,11,12",3516 Covington Highway,Decatur,GA,13089,(404) 308-8548,,Dekalb County,33.766743,-84.250725,,0,https://thresholdcommunity.org/,https://www.greatschools.org/georgia/decatur/3990-The-Community-School/,,,"The GreatSchools Rating helps parents compare schools within a state based on a variety of school quality indicators and provides a helpful picture of how effectively each school serves all of its students. Ratings are on a scale of 1 (below average) to 10 (above average) and can include test scores, college readiness, academic progress, advanced courses, equity, discipline and attendance data. We also advise parents to visit schools, consider other information on school performance and programs, and consider family needs as part of the school selection process.","(33.766743, -84.250725)",292484.17
59,244,30032,1300721,130174000666,6442054.0,Columbia High School,"Columbia High School, a public school located in Decatur, GA, serves grades 9-12 in the Dekalb County School District.It has received a GreatSchools Rating of 3 out of 10, based on a variety of school quality measures.",public,h,"9,10,11,12",2106 Columbia Drive,Decatur,GA,13089,(678) 874-0802,(678) 874-0810,Dekalb County,33.727882,-84.250519,Dekalb County School District,55,,https://www.greatschools.org/georgia/decatur/721-Columbia-High-School/,3.0,2022.0,"The GreatSchools Rating helps parents compare schools within a state based on a variety of school quality indicators and provides a helpful picture of how effectively each school serves all of its students. Ratings are on a scale of 1 (below average) to 10 (above average) and can include test scores, college readiness, academic progress, advanced courses, equity, discipline and attendance data. We also advise parents to visit schools, consider other information on school performance and programs, and consider family needs as part of the school selection process.","(33.727882, -84.250519)",292484.17
60,247,30032,1300739,130174000686,6444069.0,Towers High School,"Towers High School, a public school located in Decatur, GA, serves grades 9-12 in the Dekalb County School District.It has received a GreatSchools Rating of 3 out of 10, based on a variety of school quality measures.",public,h,"9,10,11,12",3919 Brookcrest Circle,Decatur,GA,13089,(678) 874-2202,(678) 874-2210,Dekalb County,33.746929,-84.237183,Dekalb County School District,55,http://www.towershs.dekalb.k12.ga.us/,https://www.greatschools.org/georgia/decatur/739-Towers-High-School/,3.0,2022.0,"The GreatSchools Rating helps parents compare schools within a state based on a variety of school quality indicators and provides a helpful picture of how effectively each school serves all of its students. Ratings are on a scale of 1 (below average) to 10 (above average) and can include test scores, college readiness, academic progress, advanced courses, equity, discipline and attendance data. We also advise parents to visit schools, consider other information on school performance and programs, and consider family needs as part of the school selection process.","(33.746929, -84.237183)",292484.17
61,253,30033,1302257,A9701305,,Montessori School At Emory,"Montessori School At Emory, a private school located in Decatur, GA, serves grades Ungraded in the .",private,"e,m,h",UG,3021 North Decatur Road,Decatur,GA,13089,(404) 634-5777,,DeKalb,33.793659,-84.269646,,0,http://www.montessorischoolatemory.com,https://www.greatschools.org/georgia/decatur/2257-Montessori-School-At-Emory/,,,"The GreatSchools Rating helps parents compare schools within a state based on a variety of school quality indicators and provides a helpful picture of how effectively each school serves all of its students. Ratings are on a scale of 1 (below average) to 10 (above average) and can include test scores, college readiness, academic progress, advanced courses, equity, discipline and attendance data. We also advise parents to visit schools, consider other information on school performance and programs, and consider family needs as part of the school selection process.","(33.793659, -84.269646)",509105.92
62,266,30033,1308857,A1790188,,21 Century STEM Academy,"21 Century STEM Academy, a private school located in Decatur, GA, serves grades K-10 in the .",private,"e,m,h","KG,1,2,3,4,5,6,7,8,9,10",1549 Clairmont Road,Decatur,GA,13089,(404) 343-2447,,Dekalb County,33.799164,-84.306938,,0,,https://www.greatschools.org/georgia/decatur/8857-21-Century-STEM-Academy/,,,"The GreatSchools Rating helps parents compare schools within a state based on a variety of school quality indicators and provides a helpful picture of how effectively each school serves all of its students. Ratings are on a scale of 1 (below average) to 10 (above average) and can include test scores, college readiness, academic progress, advanced courses, equity, discipline and attendance data. We also advise parents to visit schools, consider other information on school performance and programs, and consider family needs as part of the school selection process.","(33.799164, -84.306938)",509105.92
63,268,30002,1306486,130174003884,6440410.0,Dekalb School Of The Arts,"Dekalb School Of The Arts, a public school located in Avondale Estates, GA, serves grades 8-12 in the Dekalb County School District.It has received a GreatSchools Rating of 8 out of 10, based on a variety of school quality measures.",public,"m,h","8,9,10,11,12",1192 Clarendon Avenue,Avondale Estates,GA,13089,(678) 676-2502,(678) 676-2510,Dekalb County,33.759178,-84.266724,Dekalb County School District,55,http://www.dekalb.k12.ga.us/dsa/,https://www.greatschools.org/georgia/avondale-estates/6486-Dekalb-School-Of-The-Arts/,8.0,2022.0,"The GreatSchools Rating helps parents compare schools within a state based on a variety of school quality indicators and provides a helpful picture of how effectively each school serves all of its students. Ratings are on a scale of 1 (below average) to 10 (above average) and can include test scores, college readiness, academic progress, advanced courses, equity, discipline and attendance data. We also advise parents to visit schools, consider other information on school performance and programs, and consider family needs as part of the school selection process.","(33.759178, -84.266724)",560739.83
64,274,30327,1300124,130012002212,7610192.0,North Atlanta High School,"North Atlanta High School, a public school located in Atlanta, GA, serves grades 9-12 in the Atlanta Public Schools.It has received a GreatSchools Rating of 7 out of 10, based on a variety of school quality measures.",public,h,"9,10,11,12",4111 Northside Parkway Northwest,Atlanta,GA,13121,(404) 802-4700,(404) 351-8763,Fulton County,33.866638,-84.445,Atlanta Public Schools,4,http://www.northatlantahigh.org/,https://www.greatschools.org/georgia/atlanta/124-North-Atlanta-High-School/,7.0,2022.0,"The GreatSchools Rating helps parents compare schools within a state based on a variety of school quality indicators and provides a helpful picture of how effectively each school serves all of its students. Ratings are on a scale of 1 (below average) to 10 (above average) and can include test scores, college readiness, academic progress, advanced courses, equity, discipline and attendance data. We also advise parents to visit schools, consider other information on school performance and programs, and consider family needs as part of the school selection process.","(33.866638, -84.445)",1648590.64
65,276,30327,1301886,00296663,,Pace Academy,"Pace Academy, a private school located in Atlanta, GA, serves grades K-12 in the .",private,"e,m,h","KG,1,2,3,4,5,6,7,8,9,10,11,12",966 West Paces Ferry Road Northwest,Atlanta,GA,13121,(404) 262-1345,,Fulton County,33.849037,-84.417099,,0,http://www.paceacademy.org/,https://www.greatschools.org/georgia/atlanta/1886-Pace-Academy/,,,"The GreatSchools Rating helps parents compare schools within a state based on a variety of school quality indicators and provides a helpful picture of how effectively each school serves all of its students. Ratings are on a scale of 1 (below average) to 10 (above average) and can include test scores, college readiness, academic progress, advanced courses, equity, discipline and attendance data. We also advise parents to visit schools, consider other information on school performance and programs, and consider family needs as part of the school selection process.","(33.849037, -84.417099)",1648590.64
66,277,30327,1301916,00297328,,The Westminster Schools,"The Westminster Schools, a private school located in Atlanta, GA, serves grades K-12 in the .",private,"e,m,h","KG,1,2,3,4,5,6,7,8,9,10,11,12",1424 West Paces Ferry Road Northwest,Atlanta,GA,13121,(404) 367-5128,,Fulton County,33.841892,-84.43409,,0,http://www.westminster.net/,https://www.greatschools.org/georgia/atlanta/1916-The-Westminster-Schools/,,,"The GreatSchools Rating helps parents compare schools within a state based on a variety of school quality indicators and provides a helpful picture of how effectively each school serves all of its students. Ratings are on a scale of 1 (below average) to 10 (above average) and can include test scores, college readiness, academic progress, advanced courses, equity, discipline and attendance data. We also advise parents to visit schools, consider other information on school performance and programs, and consider family needs as part of the school selection process.","(33.841892, -84.43409)",1648590.64
67,278,30327,1301936,00297725,,Holy Innocents Episcopal School,"Holy Innocents Episcopal School, a private school located in Atlanta, GA, serves grades PK-12 in the .",private,"p,e,m,h","PK,TK,KG,1,2,3,4,5,6,7,8,9,10,11,12",805 Mount Vernon Highway,Atlanta,GA,13121,(404) 847-1158,,Fulton County,33.908474,-84.414001,,0,https://www.hies.org,https://www.greatschools.org/georgia/atlanta/1936-Holy-Innocents-Episcopal-School/,,,"The GreatSchools Rating helps parents compare schools within a state based on a variety of school quality indicators and provides a helpful picture of how effectively each school serves all of its students. Ratings are on a scale of 1 (below average) to 10 (above average) and can include test scores, college readiness, academic progress, advanced courses, equity, discipline and attendance data. We also advise parents to visit schools, consider other information on school performance and programs, and consider family needs as part of the school selection process.","(33.908474, -84.414001)",1648590.64
68,279,30327,1302000,01646675,,Lovett School,"Lovett School, a private school located in Atlanta, GA, serves grades K-12 in the .",private,"e,m,h","KG,1,2,3,4,5,6,7,8,9,10,11,12",4075 Paces Ferry Road Northwest,Atlanta,GA,13121,(404) 262-3032,(404) 261-1967,Fulton County,33.858574,-84.453445,,0,https://www.lovett.org/index.cfm,https://www.greatschools.org/georgia/atlanta/2000-Lovett-School/,,,"The GreatSchools Rating helps parents compare schools within a state based on a variety of school quality indicators and provides a helpful picture of how effectively each school serves all of its students. Ratings are on a scale of 1 (below average) to 10 (above average) and can include test scores, college readiness, academic progress, advanced courses, equity, discipline and attendance data. We also advise parents to visit schools, consider other information on school performance and programs, and consider family needs as part of the school selection process.","(33.858574, -84.453445)",1648590.64
69,281,30327,1302235,A9701245,,Holy Spirit Preparatory School,"Holy Spirit Preparatory School, a private school located in Atlanta, GA, serves grades PK-12 in the .",private,"p,e,m,h","PK,KG,1,2,3,4,5,6,7,8,9,10,11,12",4449 Northside Dr,Atlanta,GA,13121,(678) 761-7992,(678) 623-0550,Fulton,33.877029,-84.409439,,0,http://www.holyspiritprep.org,https://www.greatschools.org/georgia/atlanta/2235-Holy-Spirit-Preparatory-School/,,,"The GreatSchools Rating helps parents compare schools within a state based on a variety of school quality indicators and provides a helpful picture of how effectively each school serves all of its students. Ratings are on a scale of 1 (below average) to 10 (above average) and can include test scores, college readiness, academic progress, advanced courses, equity, discipline and attendance data. We also advise parents to visit schools, consider other information on school performance and programs, and consider family needs as part of the school selection process.","(33.877029, -84.409439)",1648590.64
70,285,30327,1302939,A0102860,,Atlanta Girls School,"Atlanta Girls School, a private school located in Atlanta, GA, serves grades 6-12 in the .",private,"m,h","6,7,8,9,10,11,12",3254 Northside Parkway Northwest,Atlanta,GA,13121,(404) 845-0900,,Fulton County,33.842667,-84.42424,,0,,https://www.greatschools.org/georgia/atlanta/2939-Atlanta-Girls-School/,,,"The GreatSchools Rating helps parents compare schools within a state based on a variety of school quality indicators and provides a helpful picture of how effectively each school serves all of its students. Ratings are on a scale of 1 (below average) to 10 (above average) and can include test scores, college readiness, academic progress, advanced courses, equity, discipline and attendance data. We also advise parents to visit schools, consider other information on school performance and programs, and consider family needs as part of the school selection process.","(33.842667, -84.42424)",1648590.64
71,288,30327,1308929,A1501442,,Holy Spirit Prepartory School,"Holy Spirit Prepartory School, a private school located in Atlanta, GA, serves grades PK-12 in the .",private,"p,e,m,h","PK,TK,KG,1,2,3,4,5,6,7,8,9,10,11,12",4449 Northside Drive Northwest,Atlanta,GA,13121,(678) 904-2811,,Fulton County,33.877247,-84.409439,,0,,https://www.greatschools.org/georgia/atlanta/8929-Holy-Spirit-Prepartory-School/,,,"The GreatSchools Rating helps parents compare schools within a state based on a variety of school quality indicators and provides a helpful picture of how effectively each school serves all of its students. Ratings are on a scale of 1 (below average) to 10 (above average) and can include test scores, college readiness, academic progress, advanced courses, equity, discipline and attendance data. We also advise parents to visit schools, consider other information on school performance and programs, and consider family needs as part of the school selection process.","(33.877247, -84.409439)",1648590.64
72,291,30331,1301005,130228001031,6605069.0,Westlake High School,"Westlake High School, a public school located in Atlanta, GA, serves grades 9-12 in the Fulton County School District.It has received a GreatSchools Rating of 7 out of 10, based on a variety of school quality measures.",public,h,"9,10,11,12",2400 Union Road Southwest,Atlanta,GA,13121,(470) 254-6400,(404) 346-6410,Fulton County,33.689373,-84.575768,Fulton County School District,73,http://school.fultonschools.org/hs/westlake/pages/default.aspx,https://www.greatschools.org/georgia/atlanta/1005-Westlake-High-School/,7.0,2022.0,"The GreatSchools Rating helps parents compare schools within a state based on a variety of school quality indicators and provides a helpful picture of how effectively each school serves all of its students. Ratings are on a scale of 1 (below average) to 10 (above average) and can include test scores, college readiness, academic progress, advanced courses, equity, discipline and attendance data. We also advise parents to visit schools, consider other information on school performance and programs, and consider family needs as part of the school selection process.","(33.689373, -84.575768)",309667.5
73,293,30331,1300118,130012001865,7610182.0,Mays High School,"Mays High School, a public school located in Atlanta, GA, serves grades 9-12 in the Atlanta Public Schools.It has received a GreatSchools Rating of 2 out of 10, based on a variety of school quality measures.",public,h,"9,10,11,12",3450 Benjamin E Mays Drive Southwest,Atlanta,GA,13121,(404) 802-5100,(404) 699-6781,Fulton County,33.734257,-84.5037,Atlanta Public Schools,4,http://www.mayshigh.com/,https://www.greatschools.org/georgia/atlanta/118-Mays-High-School/,2.0,2022.0,"The GreatSchools Rating helps parents compare schools within a state based on a variety of school quality indicators and provides a helpful picture of how effectively each school serves all of its students. Ratings are on a scale of 1 (below average) to 10 (above average) and can include test scores, college readiness, academic progress, advanced courses, equity, discipline and attendance data. We also advise parents to visit schools, consider other information on school performance and programs, and consider family needs as part of the school selection process.","(33.734257, -84.5037)",309667.5
74,295,30331,1302138,A9300322,,Southwest Atlanta Christian Academy,"Southwest Atlanta Christian Academy, a private school located in Atlanta, GA, serves grades PK-12 in the .",private,"p,e,m,h","PK,TK,KG,1,2,3,4,5,6,7,8,9,10,11,12",3911 Campbellton Road Southwest,Atlanta,GA,13121,(404) 346-2080,,Fulton County,33.692966,-84.516037,,0,,https://www.greatschools.org/georgia/atlanta/2138-Southwest-Atlanta-Christian-Academy/,,,"The GreatSchools Rating helps parents compare schools within a state based on a variety of school quality indicators and provides a helpful picture of how effectively each school serves all of its students. Ratings are on a scale of 1 (below average) to 10 (above average) and can include test scores, college readiness, academic progress, advanced courses, equity, discipline and attendance data. We also advise parents to visit schools, consider other information on school performance and programs, and consider family needs as part of the school selection process.","(33.692966, -84.516037)",309667.5
75,302,30331,1303998,A0501450,,Southwest Atlanta Christian Academy,"Southwest Atlanta Christian Academy, a private school located in Atlanta, GA, serves grades PK-12 in the .",private,"p,e,m,h","PK,KG,1,2,3,4,5,6,7,8,9,10,11,12",3911 Campbellton Road SW,Atlanta,GA,13121,(404) 346-2080,,Fulton,33.693298,-84.516296,,0,,https://www.greatschools.org/georgia/atlanta/3998-Southwest-Atlanta-Christian-Academy/,,,"The GreatSchools Rating helps parents compare schools within a state based on a variety of school quality indicators and provides a helpful picture of how effectively each school serves all of its students. Ratings are on a scale of 1 (below average) to 10 (above average) and can include test scores, college readiness, academic progress, advanced courses, equity, discipline and attendance data. We also advise parents to visit schools, consider other information on school performance and programs, and consider family needs as part of the school selection process.","(33.693298, -84.516296)",309667.5
76,326,30288,1308864,BB160886,,ACT,"ACT, a private school located in Conley, GA, serves grades K-12 in the .",private,"e,m,h","KG,1,2,3,4,5,6,7,8,9,10,11,12",PO BOX 503,Conley,GA,13089,(404) 549-2327,,DEKALB,33.661015,-84.327911,,0,,https://www.greatschools.org/georgia/conley/8864-ACT/,,,"The GreatSchools Rating helps parents compare schools within a state based on a variety of school quality indicators and provides a helpful picture of how effectively each school serves all of its students. Ratings are on a scale of 1 (below average) to 10 (above average) and can include test scores, college readiness, academic progress, advanced courses, equity, discipline and attendance data. We also advise parents to visit schools, consider other information on school performance and programs, and consider family needs as part of the school selection process.","(33.661015, -84.327911)",223585.0
77,327,30288,1309067,BB160871,,Camp Jewell House Academy,"Camp Jewell House Academy, a private school located in Conley, GA, serves grades K-12 in the .",private,"e,m,h","KG,1,2,3,4,5,6,7,8,9,10,11,12",PO BOX 503,Conley,GA,13089,(678) 418-7703,,DEKALB,33.661015,-84.327911,,0,,https://www.greatschools.org/georgia/conley/9067-Camp-Jewell-House-Academy/,,,"The GreatSchools Rating helps parents compare schools within a state based on a variety of school quality indicators and provides a helpful picture of how effectively each school serves all of its students. Ratings are on a scale of 1 (below average) to 10 (above average) and can include test scores, college readiness, academic progress, advanced courses, equity, discipline and attendance data. We also advise parents to visit schools, consider other information on school performance and programs, and consider family needs as part of the school selection process.","(33.661015, -84.327911)",223585.0
78,329,30319,1302015,01929074,,Marist School,"Marist School, a private school located in Atlanta, GA, serves grades 7-12 in the .",private,"m,h","7,8,9,10,11,12",3790 Ashford Dunwoody Road Northeast,Atlanta,GA,13089,(770) 457-4201,,Dekalb County,33.901443,-84.335144,,0,http://marist.com/,https://www.greatschools.org/georgia/atlanta/2015-Marist-School/,,,"The GreatSchools Rating helps parents compare schools within a state based on a variety of school quality indicators and provides a helpful picture of how effectively each school serves all of its students. Ratings are on a scale of 1 (below average) to 10 (above average) and can include test scores, college readiness, academic progress, advanced courses, equity, discipline and attendance data. We also advise parents to visit schools, consider other information on school performance and programs, and consider family needs as part of the school selection process.","(33.901443, -84.335144)",793613.83
79,334,30319,1300757,130174000707,6444054.0,Cross Keys High School,"Cross Keys High School, a public school located in Brookhaven, GA, serves grades 9-12 in the Dekalb County School District.It has received a GreatSchools Rating of 5 out of 10, based on a variety of school quality measures.",public,h,"9,10,11,12",1626 N Druid Hills Rd NE,Brookhaven,GA,13089,(678) 874-6102,(678) 874-6110,DeKalb County,33.843887,-84.337982,Dekalb County School District,55,,https://www.greatschools.org/georgia/atlanta/757-Cross-Keys-High-School/,5.0,2022.0,"The GreatSchools Rating helps parents compare schools within a state based on a variety of school quality indicators and provides a helpful picture of how effectively each school serves all of its students. Ratings are on a scale of 1 (below average) to 10 (above average) and can include test scores, college readiness, academic progress, advanced courses, equity, discipline and attendance data. We also advise parents to visit schools, consider other information on school performance and programs, and consider family needs as part of the school selection process.","(33.843887, -84.337982)",793613.83
80,340,30319,1309031,A1300993,,The Piedmont School of Atlanta,"The Piedmont School of Atlanta, a private school located in Brookhaven, GA, serves grades K-10 in the .",private,"e,m,h","KG,1,2,3,4,5,6,7,8,9,10",4484 Peachtree Road Northeast,Brookhaven,GA,13089,(404) 382-8200,,Dekalb County,33.875816,-84.3349,,0,,https://www.greatschools.org/georgia/brookhaven/9031-The-Piedmont-School-Of-Atlanta/,,,"The GreatSchools Rating helps parents compare schools within a state based on a variety of school quality indicators and provides a helpful picture of how effectively each school serves all of its students. Ratings are on a scale of 1 (below average) to 10 (above average) and can include test scores, college readiness, academic progress, advanced courses, equity, discipline and attendance data. We also advise parents to visit schools, consider other information on school performance and programs, and consider family needs as part of the school selection process.","(33.875816, -84.3349)",793613.83
81,342,30337,1301026,130228002037,6600383.0,Mcclarin Alternative School,"Mcclarin Alternative School, a public school located in College Park, GA, serves grades 10-12 in the Fulton County School District.It has received a GreatSchools Rating of 2 out of 10, based on a variety of school quality measures.",public,h,"10,11,12",3605 Main St,College Park,GA,13121,(470) 254-8080,(404) 669-8089,Fulton County,33.656731,-84.450516,Fulton County School District,73,,https://www.greatschools.org/georgia/atlanta/1026-Mcclarin-Alternative-School/,2.0,2022.0,"The GreatSchools Rating helps parents compare schools within a state based on a variety of school quality indicators and provides a helpful picture of how effectively each school serves all of its students. Ratings are on a scale of 1 (below average) to 10 (above average) and can include test scores, college readiness, academic progress, advanced courses, equity, discipline and attendance data. We also advise parents to visit schools, consider other information on school performance and programs, and consider family needs as part of the school selection process.","(33.656731, -84.450516)",329473.83
82,343,30337,1301925,00297474,,Woodward Academy,"Woodward Academy, a private school located in College Park, GA, serves grades PK-12 in the .",private,"p,e,m,h","PK,TK,KG,1,2,3,4,5,6,7,8,9,10,11,12",1662 West Rugby Avenue,College Park,GA,13121,(404) 765-4011,,Fulton County,33.662815,-84.441978,,0,http://www.woodward.edu/,https://www.greatschools.org/georgia/college-park/1925-Woodward-Academy/,,,"The GreatSchools Rating helps parents compare schools within a state based on a variety of school quality indicators and provides a helpful picture of how effectively each school serves all of its students. Ratings are on a scale of 1 (below average) to 10 (above average) and can include test scores, college readiness, academic progress, advanced courses, equity, discipline and attendance data. We also advise parents to visit schools, consider other information on school performance and programs, and consider family needs as part of the school selection process.","(33.662815, -84.441978)",329473.83
83,346,30337,1309066,A1701324,,Bridge Academy,"Bridge Academy, a private school located in College Park, GA, serves grades 9-12 in the .",private,h,"9,10,11,12",3707 Main Street,College Park,GA,13121,(770) 961-5421,,Fulton County,33.654034,-84.449631,,0,,https://www.greatschools.org/georgia/college-park/9066-Bridge-Academy/,,,"The GreatSchools Rating helps parents compare schools within a state based on a variety of school quality indicators and provides a helpful picture of how effectively each school serves all of its students. Ratings are on a scale of 1 (below average) to 10 (above average) and can include test scores, college readiness, academic progress, advanced courses, equity, discipline and attendance data. We also advise parents to visit schools, consider other information on school performance and programs, and consider family needs as part of the school selection process.","(33.654034, -84.449631)",329473.83
84,353,30034,1302086,A9102171,,Greenforest Mccalep Christian Academy,"Greenforest Mccalep Christian Academy, a private school located in Decatur, GA, serves grades PK-12 in the .",private,"p,e,m,h","PK,TK,KG,1,2,3,4,5,6,7,8,9,10,11,12",3250 Rainbow Drive,Decatur,GA,13089,(404) 486-6737,,Dekalb County,33.714642,-84.257759,,0,,https://www.greatschools.org/georgia/decatur/2086-Greenforest-Mccalep-Christian-Academy/,,,"The GreatSchools Rating helps parents compare schools within a state based on a variety of school quality indicators and provides a helpful picture of how effectively each school serves all of its students. Ratings are on a scale of 1 (below average) to 10 (above average) and can include test scores, college readiness, academic progress, advanced courses, equity, discipline and attendance data. We also advise parents to visit schools, consider other information on school performance and programs, and consider family needs as part of the school selection process.","(33.714642, -84.257759)",270145.5
85,365,30034,1300733,130174000679,6445067.0,Southwest Dekalb High School,"Southwest Dekalb High School, a public school located in Decatur, GA, serves grades 9-12 in the Dekalb County School District.It has received a GreatSchools Rating of 4 out of 10, based on a variety of school quality measures.",public,h,"9,10,11,12",2863 Kelley Chapel Road,Decatur,GA,13089,(678) 874-1902,(678) 874-1910,Dekalb County,33.70158,-84.225906,Dekalb County School District,55,,https://www.greatschools.org/georgia/decatur/733-Southwest-Dekalb-High-School/,4.0,2022.0,"The GreatSchools Rating helps parents compare schools within a state based on a variety of school quality indicators and provides a helpful picture of how effectively each school serves all of its students. Ratings are on a scale of 1 (below average) to 10 (above average) and can include test scores, college readiness, academic progress, advanced courses, equity, discipline and attendance data. We also advise parents to visit schools, consider other information on school performance and programs, and consider family needs as part of the school selection process.","(33.70158, -84.225906)",270145.5
86,369,30345,1301849,00295932,,St Pius X Catholic High School,"St Pius X Catholic High School, a private school located in Atlanta, GA, serves grades 9-12 in the .",private,h,"9,10,11,12",2674 Johnson Road Northeast,Atlanta,GA,13089,(404) 636-3023,,Dekalb County,33.864414,-84.291489,,0,,https://www.greatschools.org/georgia/atlanta/1849-St-Pius-X-Catholic-High-School/,,,"The GreatSchools Rating helps parents compare schools within a state based on a variety of school quality indicators and provides a helpful picture of how effectively each school serves all of its students. Ratings are on a scale of 1 (below average) to 10 (above average) and can include test scores, college readiness, academic progress, advanced courses, equity, discipline and attendance data. We also advise parents to visit schools, consider other information on school performance and programs, and consider family needs as part of the school selection process.","(33.864414, -84.291489)",606436.08
87,370,30345,1302913,00296936,,Lullwater School,"Lullwater School, a private school located in Atlanta, GA, serves grades Ungraded in the .",private,"e,m,h",UG,4105 Briarcliff Road NE,Atlanta,GA,13089,(404) 315-0305,,Dekalb,33.855083,-84.279945,,0,,https://www.greatschools.org/georgia/atlanta/2913-Lullwater-School/,,,"The GreatSchools Rating helps parents compare schools within a state based on a variety of school quality indicators and provides a helpful picture of how effectively each school serves all of its students. Ratings are on a scale of 1 (below average) to 10 (above average) and can include test scores, college readiness, academic progress, advanced courses, equity, discipline and attendance data. We also advise parents to visit schools, consider other information on school performance and programs, and consider family needs as part of the school selection process.","(33.855083, -84.279945)",606436.08
88,374,30345,1300770,130174000721,6443060.0,Lakeside High School,"Lakeside High School, a public school located in Atlanta, GA, serves grades 9-12 in the Dekalb County School District.It has received a GreatSchools Rating of 5 out of 10, based on a variety of school quality measures.",public,h,"9,10,11,12",3801 Briarcliff Road Northeast,Atlanta,GA,13089,(678) 874-6702,(678) 874-6710,Dekalb County,33.844547,-84.284828,Dekalb County School District,55,,https://www.greatschools.org/georgia/atlanta/770-Lakeside-High-School/,5.0,2022.0,"The GreatSchools Rating helps parents compare schools within a state based on a variety of school quality indicators and provides a helpful picture of how effectively each school serves all of its students. Ratings are on a scale of 1 (below average) to 10 (above average) and can include test scores, college readiness, academic progress, advanced courses, equity, discipline and attendance data. We also advise parents to visit schools, consider other information on school performance and programs, and consider family needs as part of the school selection process.","(33.844547, -84.284828)",606436.08
89,377,30345,1308860,BB160917,,Abm Vietnamese School,"Abm Vietnamese School, a private school located in Atlanta, GA, serves grades 6-12 in the .",private,"m,h","6,7,8,9,10,11,12",4300 BUFORD HWY NE STE 104,Atlanta,GA,13089,(404) 254-3907,,DEKALB,33.848419,-84.285812,,0,,https://www.greatschools.org/georgia/atlanta/8860-Abm-Vietnamese-School/,,,"The GreatSchools Rating helps parents compare schools within a state based on a variety of school quality indicators and provides a helpful picture of how effectively each school serves all of its students. Ratings are on a scale of 1 (below average) to 10 (above average) and can include test scores, college readiness, academic progress, advanced courses, equity, discipline and attendance data. We also advise parents to visit schools, consider other information on school performance and programs, and consider family needs as part of the school selection process.","(33.848419, -84.285812)",606436.08
90,382,30342,1301898,00296991,,Yeshiva Atlanta High School,"Yeshiva Atlanta High School, a private school located in Atlanta, GA, serves grades PK-12 in the .",private,"p,e,m,h","PK,TK,KG,1,2,3,4,5,6,7,8,9,10,11,12",5200 Northland Drive,Atlanta,GA,13121,(770) 451-5299,,Fulton County,33.895885,-84.366486,,0,,https://www.greatschools.org/georgia/atlanta/1898-Yeshiva-Atlanta-High-School/,,,"The GreatSchools Rating helps parents compare schools within a state based on a variety of school quality indicators and provides a helpful picture of how effectively each school serves all of its students. Ratings are on a scale of 1 (below average) to 10 (above average) and can include test scores, college readiness, academic progress, advanced courses, equity, discipline and attendance data. We also advise parents to visit schools, consider other information on school performance and programs, and consider family needs as part of the school selection process.","(33.895885, -84.366486)",930713.75
91,383,30342,1301960,00298387,,The Galloway School,"The Galloway School, a private school located in Atlanta, GA, serves grades PK-12 in the .",private,"p,e,m,h","PK,TK,KG,1,2,3,4,5,6,7,8,9,10,11,12",215 Chastain Park Avenue Northwest,Atlanta,GA,13121,(404) 252-8389,,Fulton County,33.875198,-84.393661,,0,http://www.gallowayschool.org,https://www.greatschools.org/georgia/atlanta/1960-The-Galloway-School/,,,"The GreatSchools Rating helps parents compare schools within a state based on a variety of school quality indicators and provides a helpful picture of how effectively each school serves all of its students. Ratings are on a scale of 1 (below average) to 10 (above average) and can include test scores, college readiness, academic progress, advanced courses, equity, discipline and attendance data. We also advise parents to visit schools, consider other information on school performance and programs, and consider family needs as part of the school selection process.","(33.875198, -84.393661)",930713.75
92,385,30342,1303117,130012003033,7616414.0,North Metro Psychoeducational Program,"North Metro Psychoeducational Program, a public school located in Atlanta, GA, serves grades Ungraded in the Atlanta Public Schools.",public,"e,m,h",UG,"4191 Northside Drive, N. W.",Atlanta,GA,13121,(404) 233-7828,,Fulton,33.869801,-84.407204,Atlanta Public Schools,4,,https://www.greatschools.org/georgia/atlanta/3117-North-Metro-Psychoeducational-Program/,,,"The GreatSchools Rating helps parents compare schools within a state based on a variety of school quality indicators and provides a helpful picture of how effectively each school serves all of its students. Ratings are on a scale of 1 (below average) to 10 (above average) and can include test scores, college readiness, academic progress, advanced courses, equity, discipline and attendance data. We also advise parents to visit schools, consider other information on school performance and programs, and consider family needs as part of the school selection process.","(33.869801, -84.407204)",930713.75
